	Ceramide Profile;  Cer																																																																																																																																																																																																																																								
	Data are expressed as normalized intensities and constitute relative abundances per mg tissue (relative to exactly measured internal standards).  																																																																																																																																																																																																																																								
	The data can be used for direct comparison of individual metabolites between different samples as well as of different metabolites within the same sample.																																																																																																																																																																																																																																								
	ND = not detected																																																																																																																																																																																																																																								
																																																																																																																																																																																																																																									
																																																																																																																																																																																																																																									
		Normalized Intensities  (UNIT = Intensity / mg tissue)																																																																																																																																																																																																																																							
Sample ID		Cer t28:0_14.00	Cer d29:1_12.63	Cer d30:1_13.91 | d14:1/n16:0	Cer t31:0_19.25	Cer t31:0_19.73	Cer t31:1_16.46	Cer t31:2_15.25	Cer d32:0_19.14 | d16:0/n16:0	Cer t32:0_15.55 | t16:0/n16:0	Cer d32:1_17.60 | d16:1/n16:0	Cer d32:1_17.60 | d16:0/n16:1	Cer d32:2_14.76	Cer t32:2_16.35	Cer d32:3_14.07 | d18:3/n14:0	Cer t32:3_15.27	Cer m32:4_15.59	Cer d33:0_20.80 | d17:0/n16:0	Cer t33:0_16.96 | t17:0/n16:0	Cer t33:0_23.37	Cer d33:1_17.94 | d19:1/n14:0	Cer d33:1_19.21 | d17:1/n16:0	Cer d33:1_19.73	Cer m33:2_16.62	Cer d33:2_16.50 | d19:2/n14:0	Cer d33:2_16.50 | d20:2/n13:0	Cer d33:2_16.96 | d19:2/n14:0	Cer d33:2_17.73 | d18:2/n15:0	Cer t33:2_19.42	Cer d33:3_15.25 | d19:3/n14:0	Cer t33:3_16.53	Cer t33:3_17.28	Cer m34:0_25.73	Cer d34:0_23.51 | d18:0/n16:0	Cer t34:0_19.69 | t18:0/n16:0	Cer m34:1_22.80	Cer d34:1_20.14	Cer d34:1_21.19	Cer d34:1_21.46	Cer d34:1_21.94 | d18:1/n16:0	Cer d34:2_18.60 | d20:2/n14:0	Cer d34:2_18.60 | d14:0/n20:2	Cer d34:2_18.60 | d16:1/n18:1	Cer d34:2_19.94 | d18:2/n16:0	Cer d34:2_19.94 | d16:0/n18:2	Cer t34:2_16.62 | d20:2/h14:0	Cer t34:2_19.64	Cer t34:2_20.73 | n16:2_t18:0	Cer d34:3_15.67 | d20:3/n14:0	Cer d34:3_16.28 | d20:3/n14:0	Cer d34:3_17.21	Cer d34:3_17.76 | d18:3/n16:0	Cer d34:3_17.76 | d16:0/n18:3	Cer t34:3_20.82	Cer d34:4_15.19 | d18:4/n16:0	Cer t34:4_19.37	Cer m35:1_24.91	Cer d35:1_22.30 | d20:1/n15:0	Cer d35:1_23.26 | d19:1/n16:0	Cer d35:1_23.53	Cer d35:1_24.05 | d19:1/n16:0	Cer m35:2_20.89	Cer d35:2_20.55 | d13:0/n22:2	Cer d35:2_20.83 | d20:2/n15:0	Cer d35:2_20.83 | d15:0/n20:2	Cer d35:2_20.83 | d17:1/n18:1	Cer d35:2_21.35 | d19:2/n16:0	Cer t35:2_18.73 | h15:0_d20:2	Cer t35:2_22.85	Cer d35:3_17.75 | d20:3/n15:0	Cer d35:3_19.37 | d19:3/n16:0	Cer t35:3_17.25	Cer t35:3_17.80	Cer d35:4_16.08	Cer d35:4_16.51	Cer d35:4_17.23	Cer d36:0_26.39 | d20:0/n16:0	Cer t36:0_27.35	Cer m36:1_26.10	Cer d36:1_24.33 | d20:1/n16:0	Cer d36:1_25.08 | d20:1/n16:0	Cer d36:1_25.66 | d20:1/n16:0	Cer t36:1_20.98 | t20:1/n16:0	Cer m36:2_19.33	Cer d36:2_22.64 | d14:0/n22:2	Cer d36:2_22.64 | d20:2/n16:0	Cer d36:2_22.64 | d18:1/n18:1	Cer d36:2_22.64 | d16:0/n20:2	Cer d36:2_22.94 | d20:2/n16:0	Cer d36:2_22.94 | d18:1/n18:1	Cer d36:2_22.94 | d16:0/n20:2	Cer t36:2_18.64	Cer t36:2_20.91 | d20:2/h16:0	Cer t36:2_24.82 | t18:0_n18:2	Cer d36:3_19.57 | d20:2/n16:1	Cer d36:3_19.98 | d20:3/n16:0	Cer d36:3_20.76 | d20:3/n16:0	Cer d36:3_21.60 | d19:3/n17:0	Cer t36:3_17.83 | h16:0_d20:3	Cer t36:3_18.53 | d20:3/h16:0	Cer m36:4_22.30	Cer t36:4_17.80	Cer t36:4_19.42	Cer m36:5_20.39	Cer m36:5_20.85	Cer m36:5_21.35	Cer m36:6_19.42	Cer d36:6_14.48	Cer m37:1_22.98	Cer d37:1_25.69	Cer d37:1_26.62	Cer t37:1_22.64	Cer d37:2_24.17 | d20:2/n17:0	Cer d37:2_24.62 | d15:0/n22:2	Cer d37:2_24.62 | d20:2/n17:0	Cer d37:2_24.94 | d20:2/n17:0	Cer d37:2_24.94 | d19:1/n18:1	Cer d37:2_24.94 | d18:1/n19:1	Cer d37:2_24.94 | d17:0/n20:2	Cer t37:2_20.85	Cer t37:2_22.67	Cer t37:2_22.98	Cer d37:3_21.62	Cer d37:3_22.03	Cer d37:3_22.85	Cer d37:3_23.73 | d19:3/n18:0	Cer t37:3_19.41	Cer t37:3_20.80	Cer t37:3_22.83	Cer d37:4_18.64	Cer d37:4_20.10	Cer d37:4_20.37	Cer t37:4_19.42	Cer t37:4_21.17	Cer d37:6_20.92	Cer t37:6_15.16	Cer t37:7_19.37	Cer m38:1_27.35	Cer d38:1_26.57 | d16:0/n22:1	Cer d38:1_27.28 | d16:1/n22:0	Cer t38:1_24.62 | t16:0/n22:1	Cer d38:2_25.71	Cer d38:2_25.96 | d16:0/n22:2	Cer d38:2_25.96 | d16:1/n22:1	Cer t38:2_22.98	Cer d38:3_23.66	Cer d38:3_24.23	Cer d38:3_24.83 | d18:2/n20:1	Cer t38:3_22.66	Cer t38:3_22.98	Cer t38:3_24.57	Cer m38:4_25.69	Cer d38:4_20.30	Cer m38:5_24.19	Cer m38:5_24.62	Cer m38:5_24.94	Cer d38:5_19.41	Cer m39:1_25.92	Cer d39:1_27.17	Cer t39:1_25.89 | t17:0/n22:1	Cer t39:1_27.71	Cer d39:2_26.67	Cer d39:3_25.28	Cer d39:3_25.78	Cer d39:3_26.50	Cer d39:4_22.98	Cer d39:4_24.14 | d19:3/n20:1	Cer t39:5_22.32	Cer t39:5_25.94	Cer d40:1_27.66	Cer t40:1_26.73	Cer d40:2_27.28	Cer d40:2_27.28 | d16:0/n24:2	Cer d40:2_27.28 | d18:1/n22:1	Cer d40:3_26.32 | d20:2/n20:1	Cer d40:3_26.32 | d18:2/n22:1	Cer d40:3_26.32 | d20:1/n20:2	Cer d40:3_26.76 | d18:2/n22:1	Cer d40:4_25.64 | d19:3/n21:1	Cer m40:5_26.73	Cer t40:7_20.19	Cer m41:1_27.30	Cer d41:2_27.62	Cer d41:2_27.89 | d20:2/n21:0	Cer d41:3_27.01 | d20:2/n21:1	Cer d41:3_27.01 | d19:2/n22:1	Cer d41:3_27.64 | d19:3/n22:0	Cer t41:3_27.62	Cer t41:5_26.64	Cer d42:0_28.96 | d18:0_n24:0	Cer t42:0_28.46 | t18:0/n24:0	Cer t42:1_28.37 | d18:1_h24:0	Cer t42:1_28.80	Cer d42:2_27.85 | d20:1/n22:1	Cer d42:3_27.50 | d20:2/n22:1	Cer t42:3_26.98 | d20:2/h22:1	Cer t42:3_27.87	Cer d42:4_26.62 | d20:2/n22:2	Cer d42:4_26.62 | d20:3/n22:1	Cer d42:4_27.03 | d20:3/n22:1	Cer d42:4_27.03 | d19:3/n23:1	Cer d42:4_27.03 | d18:3/n24:1	Cer m42:5_27.76	Cer t42:5_27.62	Cer m42:6_27.05	Cer d43:2_28.53 | d20:2/n23:0	Cer d43:3_27.87 | d20:2/n23:1	Cer d43:4_27.23	Cer t43:4_27.16	Cer d44:0_29.53 | d20:0_n24:0	Cer t44:0_29.05	Cer d44:2_28.83 | d20:2/n24:0	Cer d44:3_28.17 | d20:2/n24:1	Cer d44:4_27.75	Cer t45:0_29.30	Cer m45:2_28.19	Cer d46:0_30.12 | d20:0_n26:0	Cer t46:0_29.58 | t20:0/n26:0	Cer d47:0_30.42	Cer d48:0_30.71	Cer t48:0_30.17 | t20:0/n28:0	Cer t48:7_27.67	Cer1P d21:0_6.74	Cer1P d22:0_7.92	Cer1P d23:0_8.61	Cer1P d23:1_7.50	Cer1P t26:2_8.05	Cer1P d27:1_10.15	Cer1P t28:3_7.95	Cer1P m36:0_19.41	Cer1P t37:2_13.38	Cer1P m38:7_19.39	Cer1P m40:6_20.76
JWL0157		ND	0.04	1.10	ND	0.23	ND	0.12	ND	ND	0.31	ND	1.33	ND	0.07	ND	ND	ND	ND	ND	ND	0.12	0.38	0.18	3.44	1.65	ND	ND	0.90	0.25	ND	ND	ND	0.05	ND	ND	16.05	ND	ND	1.60	305.03	3.94	ND	ND	ND	1.40	ND	ND	2.91	3.57	0.32	0.90	ND	ND	ND	ND	0.05	0.76	ND	ND	0.31	0.10	ND	21.15	17.15	14.14	ND	0.11	3.69	0.61	2.83	ND	ND	ND	ND	ND	0.04	ND	1.04	16.60	ND	1.22	1.71	ND	ND	ND	ND	ND	353.59	2.95	2.08	0.08	ND	ND	0.76	10.80	1.14	ND	ND	ND	ND	ND	ND	0.46	1.95	ND	0.28	0.04	1.05	0.12	ND	ND	1.05	ND	1.80	5.07	0.04	0.04	ND	0.06	ND	0.07	0.11	0.20	0.87	ND	ND	0.04	ND	ND	ND	ND	ND	ND	ND	ND	ND	ND	0.06	ND	ND	1.60	2.04	ND	0.08	0.43	ND	ND	ND	0.05	ND	ND	ND	ND	0.42	1.03	ND	ND	ND	ND	ND	0.03	ND	ND	ND	0.05	ND	ND	ND	ND	ND	ND	ND	ND	ND	ND	ND	ND	ND	ND	ND	ND	ND	ND	ND	ND	ND	ND	ND	ND	ND	ND	ND	ND	ND	ND	ND	ND	ND	ND	ND	ND	ND	ND	ND	ND	ND	ND	ND	0.04	ND	ND	ND	ND	ND	ND	0.04	ND	ND	ND	ND	ND	ND	ND	ND	ND	ND	ND	ND	ND	ND	ND	ND
JWL0159		0.07	0.15	1.96	ND	0.25	1.93	0.14	ND	ND	0.58	ND	8.32	1.93	0.17	ND	ND	ND	ND	ND	0.17	ND	0.45	0.41	15.56	0.11	ND	ND	0.59	0.89	ND	ND	0.08	0.16	0.24	0.52	30.59	1.64	ND	0.96	445.39	5.19	ND	ND	ND	2.34	2.21	0.81	9.86	16.33	0.92	1.98	ND	0.06	0.07	ND	0.12	1.40	ND	0.08	0.37	0.10	ND	33.39	25.55	21.20	ND	0.07	3.35	1.09	5.18	ND	ND	ND	ND	ND	0.09	ND	ND	21.02	ND	1.89	1.91	ND	ND	ND	ND	ND	379.50	3.28	2.40	ND	0.83	ND	3.94	19.55	2.42	ND	ND	ND	0.09	ND	ND	0.20	0.45	ND	0.18	ND	ND	0.16	ND	ND	1.04	ND	3.72	6.46	0.03	0.03	0.02	ND	ND	ND	0.21	0.39	1.37	0.43	ND	ND	ND	ND	ND	ND	ND	ND	ND	ND	ND	ND	0.11	ND	ND	1.62	3.48	ND	ND	0.88	0.09	0.13	ND	ND	ND	ND	ND	0.07	0.25	0.29	ND	ND	ND	ND	ND	0.09	ND	ND	ND	ND	ND	ND	ND	ND	ND	0.05	ND	ND	ND	ND	ND	ND	ND	ND	ND	ND	ND	ND	ND	ND	ND	ND	ND	ND	ND	ND	ND	ND	ND	ND	ND	ND	ND	ND	ND	ND	ND	ND	ND	ND	ND	ND	ND	ND	ND	ND	ND	ND	ND	ND	ND	ND	ND	ND	ND	0.11	ND	ND	0.35	ND	ND	ND	ND	ND	ND	ND	0.20
JWL0166		ND	0.06	ND	ND	ND	0.24	2.89	2.87	1.40	203.95	2.45	1.93	ND	0.55	0.10	0.37	0.19	0.19	ND	ND	23.03	10.03	ND	ND	ND	0.29	0.26	ND	6.99	ND	ND	ND	0.23	ND	ND	ND	3.58	ND	8.42	ND	ND	ND	42.10	0.46	ND	ND	ND	ND	ND	ND	16.27	0.17	ND	ND	ND	ND	0.09	0.21	0.22	0.43	0.22	ND	2.84	2.36	2.97	13.06	ND	ND	ND	77.16	0.58	0.03	0.04	0.20	0.04	0.17	ND	ND	5.29	2.70	3.15	1.91	ND	ND	23.99	0.19	0.14	280.40	2.50	1.76	ND	2.33	ND	ND	6.82	14.51	1.24	0.07	0.15	ND	0.03	0.03	0.14	1.27	1.21	2.53	0.04	ND	0.09	0.09	ND	ND	ND	3.82	2.30	ND	ND	ND	ND	0.04	0.08	0.31	ND	0.29	0.91	0.12	0.03	0.14	ND	ND	ND	0.07	ND	0.21	0.08	0.39	ND	0.28	0.06	ND	ND	10.19	ND	0.09	7.90	ND	1.27	0.03	0.09	ND	ND	0.10	ND	0.76	0.50	0.11	ND	ND	ND	ND	ND	ND	0.35	ND	0.18	ND	ND	ND	0.35	ND	0.44	ND	ND	ND	ND	ND	ND	ND	ND	ND	ND	ND	ND	ND	ND	0.13	ND	ND	ND	ND	ND	ND	ND	ND	ND	ND	ND	ND	ND	ND	0.31	ND	ND	ND	ND	ND	ND	ND	ND	ND	ND	0.05	0.07	ND	ND	ND	ND	ND	ND	ND	ND	ND	0.24	ND	0.66	0.15	ND	ND	0.08	ND	ND	ND
JWL0167		ND	0.19	5.32	ND	ND	ND	9.46	2.84	1.39	129.48	1.91	0.65	0.81	1.05	0.36	1.92	0.17	0.09	ND	ND	19.78	34.76	ND	0.11	0.22	0.20	1.38	ND	37.85	ND	0.22	0.35	0.20	0.28	ND	ND	4.89	1.62	9.21	5.29	0.04	0.05	47.52	0.55	ND	ND	ND	ND	ND	6.07	21.70	0.24	ND	0.79	0.10	ND	0.17	0.18	0.26	0.56	0.02	ND	3.63	2.77	2.66	21.65	ND	0.12	ND	107.15	0.64	0.04	0.15	2.09	0.61	0.21	ND	0.26	3.12	0.75	2.55	0.39	0.33	ND	ND	ND	ND	116.61	1.04	0.76	ND	ND	0.44	ND	2.81	25.58	10.69	ND	ND	ND	0.04	0.03	0.05	0.49	ND	1.20	0.01	0.20	0.24	0.21	ND	ND	ND	3.20	6.49	0.03	0.03	0.02	ND	ND	0.03	0.42	0.43	1.51	2.05	0.02	ND	ND	ND	0.18	0.08	0.04	ND	ND	0.05	0.78	ND	0.32	0.16	ND	ND	5.84	ND	0.01	ND	ND	1.91	ND	0.01	ND	ND	ND	ND	0.67	0.41	ND	0.04	ND	ND	ND	0.11	ND	0.20	ND	0.01	ND	ND	ND	0.02	ND	0.19	ND	ND	ND	ND	ND	ND	ND	ND	ND	ND	ND	ND	ND	ND	ND	ND	ND	0.02	ND	ND	ND	ND	0.38	ND	ND	ND	ND	ND	ND	ND	ND	ND	ND	ND	ND	ND	ND	0.03	ND	ND	0.03	ND	ND	ND	0.03	ND	0.02	0.03	ND	ND	0.28	0.30	0.43	0.68	0.08	2.44	0.01	ND	ND	ND	0.41
JWL0168		ND	ND	ND	0.05	ND	ND	ND	ND	ND	0.99	ND	ND	ND	1.12	ND	ND	ND	ND	ND	ND	ND	0.45	ND	ND	ND	10.67	2.68	ND	17.02	ND	0.20	0.12	ND	ND	ND	ND	ND	ND	3.43	51.66	0.47	ND	18.29	0.19	ND	ND	ND	ND	2.00	7.63	3.82	ND	ND	0.08	ND	ND	0.13	0.04	ND	0.23	ND	9.19	8.49	6.58	ND	64.80	ND	ND	ND	69.06	ND	ND	0.20	0.36	0.96	ND	ND	ND	2.39	0.11	1.28	ND	ND	1.59	136.16	0.74	ND	175.30	1.53	1.03	ND	ND	ND	6.66	ND	13.85	ND	ND	ND	ND	ND	0.04	1.82	1.61	3.66	3.47	ND	ND	0.49	0.16	0.10	ND	49.43	ND	6.53	0.03	0.03	0.03	ND	0.08	0.08	1.92	ND	0.31	ND	0.12	ND	0.14	ND	0.05	ND	0.08	ND	ND	0.24	ND	ND	2.43	ND	1.34	ND	217.25	ND	ND	17.92	ND	1.91	0.09	0.10	0.31	0.10	ND	0.55	4.50	1.44	0.13	0.95	ND	ND	0.07	4.44	0.62	0.22	ND	0.18	ND	ND	ND	ND	ND	ND	ND	ND	44.44	ND	0.32	ND	ND	0.27	ND	ND	ND	ND	8.72	5.94	ND	ND	ND	ND	ND	0.14	0.04	2.57	446.99	ND	ND	ND	ND	5.98	ND	ND	ND	ND	ND	0.13	18.86	0.33	ND	0.05	0.05	ND	80.59	2.29	ND	ND	0.05	0.07	ND	0.05	0.04	0.04	ND	ND	0.09	ND	ND	ND	ND	0.08	ND	ND	ND
JWL0169		0.02	ND	ND	ND	ND	ND	ND	ND	ND	0.03	ND	ND	ND	ND	ND	ND	ND	ND	ND	ND	ND	ND	ND	0.02	ND	ND	ND	ND	0.06	ND	0.02	ND	ND	ND	ND	0.07	ND	ND	0.05	6.57	ND	ND	ND	ND	ND	ND	4.50	ND	0.20	0.20	0.09	ND	ND	ND	ND	ND	0.06	ND	ND	ND	ND	3.88	5.29	ND	ND	0.55	ND	4.29	ND	12.07	ND	ND	ND	0.03	0.04	ND	ND	0.06	1.94	ND	ND	ND	ND	166.28	ND	ND	ND	19.73	0.16	0.13	ND	ND	0.31	1.28	ND	8.03	0.48	ND	ND	ND	ND	0.02	1.39	1.15	0.18	ND	ND	ND	0.55	ND	ND	16.25	40.01	ND	ND	ND	ND	ND	ND	0.12	ND	0.42	ND	4.64	0.47	ND	ND	ND	ND	1.81	ND	ND	ND	ND	ND	0.03	ND	0.44	ND	ND	10.92	16.23	ND	ND	2.42	0.38	0.36	0.09	0.04	ND	0.08	ND	2.97	3.98	ND	0.07	0.05	0.06	ND	ND	9.73	0.39	0.31	ND	ND	ND	ND	ND	0.10	ND	ND	ND	ND	12.40	ND	ND	ND	ND	1.01	ND	0.07	1.30	0.13	ND	ND	ND	0.42	ND	0.05	ND	ND	0.02	ND	22.00	ND	0.08	ND	ND	ND	ND	ND	0.03	ND	0.22	ND	ND	ND	0.02	0.05	ND	ND	ND	0.37	ND	ND	0.05	ND	0.02	0.04	ND	ND	ND	ND	ND	ND	ND	ND	ND	0.05	ND	ND	ND
JWL0170		ND	ND	ND	ND	ND	ND	ND	ND	0.18	0.51	ND	ND	0.15	ND	ND	ND	ND	0.10	0.11	ND	1.14	0.09	ND	ND	ND	ND	ND	ND	0.55	ND	0.05	ND	ND	0.23	ND	0.40	0.25	ND	0.44	5.74	ND	ND	ND	ND	ND	ND	ND	ND	ND	1.10	3.10	ND	ND	ND	0.26	ND	0.65	ND	ND	ND	ND	4.37	3.94	3.94	ND	5.14	ND	4.69	ND	109.40	ND	ND	0.05	0.17	0.13	ND	ND	ND	13.66	ND	ND	ND	ND	274.16	ND	ND	ND	75.31	0.63	0.44	ND	ND	0.78	ND	ND	39.99	4.61	ND	ND	0.09	ND	0.07	1.32	0.75	1.15	5.83	ND	ND	4.28	ND	ND	ND	90.62	ND	ND	ND	ND	ND	ND	0.08	ND	0.75	ND	12.37	1.35	0.21	0.08	ND	ND	0.84	0.63	0.12	0.03	ND	ND	0.14	ND	14.91	ND	1.32	39.16	200.79	ND	ND	4.00	ND	2.43	0.09	ND	ND	0.29	ND	4.72	6.05	0.81	0.25	0.92	2.14	ND	ND	76.27	1.25	ND	ND	0.07	ND	ND	ND	1.79	ND	ND	63.69	ND	7.18	ND	ND	0.31	ND	3.07	0.03	0.27	8.51	ND	1.79	1.26	ND	2.35	0.03	0.03	ND	3.70	ND	22.11	180.24	ND	0.76	ND	ND	4.83	ND	2.60	0.77	0.21	ND	ND	11.14	ND	0.02	ND	0.12	ND	133.14	2.98	0.04	0.83	0.06	0.09	ND	0.04	ND	ND	ND	ND	0.04	ND	ND	ND	ND	ND	ND	0.09	10.20
JWL0171		0.05	ND	ND	ND	ND	ND	ND	0.93	ND	14.69	0.19	0.58	0.40	0.08	ND	0.17	0.10	0.20	0.05	ND	2.22	1.75	ND	ND	2.72	0.08	0.14	ND	0.12	ND	ND	ND	0.08	1.00	0.04	0.48	ND	ND	3.00	113.43	0.95	0.67	10.61	0.11	2.02	ND	1.40	ND	0.83	0.70	3.24	0.04	ND	0.03	0.08	ND	0.11	0.06	0.12	0.25	0.05	7.97	16.39	12.62	9.06	50.28	0.25	ND	ND	31.34	ND	ND	0.03	ND	ND	0.03	ND	ND	1.82	ND	0.55	ND	0.06	259.44	ND	ND	ND	128.61	1.11	0.76	ND	0.54	0.27	2.78	ND	8.05	0.46	ND	0.17	ND	0.04	0.06	3.13	2.51	3.21	ND	ND	ND	0.46	0.20	ND	ND	61.00	ND	3.24	ND	ND	ND	0.07	0.22	0.06	1.21	0.24	0.25	0.08	0.08	0.06	0.19	ND	ND	ND	0.09	ND	ND	0.04	0.02	0.04	2.92	0.19	0.79	ND	139.10	ND	ND	3.46	ND	0.61	ND	0.07	ND	0.08	0.08	3.14	2.95	0.83	0.08	0.13	0.12	ND	ND	7.06	0.25	0.17	ND	0.09	ND	ND	ND	0.41	0.12	ND	11.53	ND	0.34	ND	ND	ND	ND	0.04	ND	0.07	0.64	ND	ND	ND	ND	ND	ND	0.17	0.14	0.14	ND	ND	ND	ND	0.03	ND	ND	ND	ND	ND	ND	ND	ND	ND	ND	ND	ND	0.24	0.48	ND	ND	ND	0.31	ND	0.31	0.61	0.15	0.31	0.27	ND	ND	ND	ND	ND	ND	ND	ND	0.08	ND	ND	0.90
JWL0172		0.06	ND	0.29	0.08	ND	ND	ND	ND	ND	0.45	ND	0.74	ND	0.19	0.04	ND	ND	0.26	0.03	ND	0.16	0.04	0.06	1.20	ND	ND	0.08	ND	0.17	0.03	ND	0.08	ND	0.17	0.04	2.11	ND	ND	0.86	86.26	0.93	ND	ND	ND	0.37	ND	1.58	1.06	0.87	0.83	4.05	3.02	ND	0.13	0.03	ND	0.87	ND	ND	0.07	ND	15.97	5.38	ND	ND	4.91	0.09	ND	ND	42.79	0.36	0.04	ND	ND	1.00	0.04	ND	ND	15.18	ND	ND	ND	0.07	167.39	ND	ND	ND	51.38	0.40	0.30	0.12	ND	0.56	2.58	1.69	7.77	0.40	0.07	0.25	ND	0.03	0.03	1.94	0.63	0.71	3.81	0.04	0.12	4.11	ND	0.12	ND	41.02	ND	ND	ND	ND	ND	ND	0.02	0.03	0.57	ND	0.70	ND	0.11	0.01	0.04	ND	ND	ND	0.08	ND	ND	ND	ND	0.04	8.48	ND	0.26	ND	32.83	ND	ND	1.04	ND	0.34	ND	0.04	0.02	0.58	0.04	1.05	2.35	ND	0.14	0.66	0.93	ND	ND	11.55	ND	ND	ND	0.09	ND	ND	ND	0.69	ND	ND	2.67	ND	3.46	ND	ND	ND	ND	0.19	ND	0.04	2.09	1.09	14.26	ND	ND	0.38	ND	0.10	ND	4.79	ND	36.26	162.93	ND	ND	ND	ND	1.38	ND	ND	ND	ND	ND	0.26	16.73	ND	ND	0.11	0.05	ND	92.58	1.19	0.09	0.55	0.14	0.25	0.05	0.11	0.12	ND	0.23	ND	ND	ND	ND	3.09	ND	ND	ND	ND	0.87
JWL0173		ND	ND	ND	ND	ND	0.03	ND	0.33	0.17	17.87	0.24	ND	ND	0.16	0.07	0.05	0.01	0.06	ND	ND	2.31	0.49	0.07	ND	0.17	0.02	ND	ND	0.33	ND	ND	ND	ND	0.04	ND	ND	ND	ND	1.49	23.08	0.22	ND	10.82	0.11	0.98	0.40	4.52	ND	ND	ND	14.16	0.15	ND	0.18	ND	ND	ND	ND	ND	ND	0.35	2.97	2.28	1.97	ND	9.21	0.18	ND	ND	55.88	2.11	0.05	ND	ND	2.95	ND	ND	ND	0.77	ND	0.61	ND	ND	195.05	ND	ND	ND	53.65	0.43	0.31	ND	4.14	ND	1.30	ND	15.53	ND	0.09	0.48	ND	0.04	0.03	0.83	0.73	1.79	3.84	0.03	ND	0.09	0.06	ND	ND	32.84	ND	ND	ND	ND	ND	ND	1.07	0.08	0.34	ND	0.14	0.32	0.11	0.02	0.04	0.06	0.05	ND	0.08	ND	0.49	0.02	ND	0.07	1.24	0.08	ND	ND	184.43	ND	ND	ND	0.28	0.85	0.09	ND	ND	0.02	ND	1.72	2.23	0.38	0.15	ND	ND	ND	ND	4.33	ND	ND	ND	0.19	ND	ND	ND	ND	ND	ND	14.86	ND	ND	ND	ND	ND	ND	0.61	ND	ND	ND	0.24	ND	ND	ND	ND	ND	ND	ND	ND	ND	ND	0.09	ND	ND	ND	ND	ND	ND	ND	0.04	ND	ND	ND	ND	0.03	ND	ND	ND	ND	ND	ND	ND	ND	ND	ND	ND	ND	ND	ND	ND	ND	ND	ND	ND	ND	ND	0.11	ND	ND	0.89
JWL0174		ND	ND	ND	ND	ND	ND	ND	ND	ND	ND	ND	2.01	ND	ND	0.05	ND	ND	ND	ND	ND	ND	ND	ND	ND	ND	ND	ND	ND	0.75	ND	ND	ND	ND	ND	ND	ND	ND	0.33	ND	ND	ND	ND	ND	ND	ND	ND	ND	0.21	1.09	0.31	ND	ND	ND	0.08	ND	ND	ND	ND	ND	ND	ND	ND	ND	ND	ND	ND	ND	ND	ND	ND	ND	0.05	ND	0.18	ND	ND	ND	ND	0.38	ND	ND	ND	ND	ND	19.31	0.17	0.10	ND	ND	ND	ND	ND	ND	0.11	0.72	ND	ND	0.16	ND	ND	ND	ND	1.90	0.44	ND	ND	ND	ND	ND	ND	ND	ND	ND	ND	ND	ND	ND	ND	ND	0.04	ND	ND	ND	ND	ND	ND	ND	ND	ND	ND	ND	ND	ND	ND	ND	ND	ND	ND	ND	ND	0.09	0.04	ND	ND	0.04	ND	ND	0.03	ND	ND	ND	0.04	ND	0.02	ND	ND	ND	ND	ND	ND	ND	0.16	ND	ND	2.62	ND	ND	ND	ND	ND	ND	ND	ND	1.38	ND	ND	ND	ND	ND	ND	ND	ND	ND	ND	0.82	ND	0.03	ND	ND	ND	ND	ND	1.27	35.52	0.55	ND	ND	ND	ND	ND	ND	ND	ND	0.08	ND	0.15	ND	ND	ND	ND	ND	0.09	ND	ND	ND	ND	ND	ND	ND	ND	ND	ND	ND	0.33	ND	ND	ND	ND	ND	ND	ND	ND
JWL0175		ND	ND	ND	ND	ND	ND	0.02	ND	ND	0.06	ND	0.40	ND	ND	ND	ND	ND	ND	ND	0.09	ND	ND	0.12	0.66	2.02	ND	ND	0.12	ND	ND	ND	ND	ND	ND	ND	3.45	ND	ND	ND	128.08	1.47	ND	ND	ND	1.27	0.04	ND	0.20	0.11	0.05	ND	ND	ND	ND	ND	ND	0.23	ND	ND	ND	0.05	ND	6.30	4.86	ND	ND	0.18	ND	ND	ND	ND	ND	ND	ND	ND	ND	ND	ND	1.94	ND	ND	0.55	ND	ND	ND	ND	ND	85.91	0.67	0.48	0.18	0.66	ND	0.07	0.30	ND	ND	ND	0.17	0.06	ND	ND	0.48	1.65	ND	ND	ND	0.25	0.10	ND	ND	0.37	ND	0.52	1.19	ND	ND	ND	0.03	ND	0.06	0.13	ND	ND	ND	ND	0.01	ND	0.15	ND	ND	ND	ND	ND	ND	ND	ND	0.07	ND	ND	3.48	0.82	ND	ND	0.49	ND	ND	ND	0.05	ND	ND	0.02	0.09	0.14	0.26	ND	0.02	ND	ND	ND	0.12	ND	ND	ND	0.09	ND	ND	ND	ND	ND	0.73	ND	ND	1.52	ND	ND	ND	ND	0.03	ND	ND	ND	ND	0.23	0.29	ND	ND	ND	ND	ND	0.02	ND	0.78	34.51	0.41	0.04	ND	ND	ND	ND	ND	ND	ND	0.11	ND	0.50	ND	ND	ND	ND	ND	ND	0.06	ND	ND	ND	ND	ND	ND	ND	ND	ND	ND	0.78	ND	ND	ND	ND	ND	ND	ND	ND
JWL0176		ND	ND	0.16	ND	ND	ND	ND	ND	0.11	ND	ND	0.23	0.24	0.09	ND	ND	ND	ND	ND	ND	0.19	ND	ND	1.45	ND	ND	ND	ND	0.59	0.11	ND	ND	ND	0.03	ND	0.26	ND	0.10	0.56	76.33	0.63	0.45	ND	ND	0.09	0.18	ND	0.34	0.51	0.30	0.95	ND	ND	ND	ND	0.03	0.23	0.14	ND	ND	0.03	ND	28.06	21.94	15.31	ND	0.21	ND	0.66	12.27	0.05	ND	ND	0.22	0.03	ND	ND	ND	0.42	0.11	ND	1.12	ND	ND	10.29	0.09	0.06	149.60	1.18	0.83	0.17	0.34	ND	0.51	1.53	2.69	0.78	ND	0.11	0.03	ND	0.02	0.26	3.32	ND	1.86	0.01	ND	ND	0.02	0.09	0.31	ND	1.06	1.50	ND	ND	ND	0.10	0.02	0.06	0.12	ND	0.06	0.34	0.05	0.07	ND	ND	ND	ND	0.03	0.06	ND	0.02	ND	0.06	ND	0.05	1.12	ND	ND	3.65	ND	0.55	0.11	ND	ND	ND	ND	ND	ND	0.07	0.20	ND	0.06	ND	ND	0.05	ND	2.19	0.14	ND	0.08	0.04	0.63	0.02	0.02	ND	0.06	ND	ND	1.41	2.72	1.94	ND	0.40	0.31	0.02	ND	ND	0.29	0.18	0.57	0.79	0.17	0.41	ND	ND	ND	ND	0.02	ND	31.44	ND	0.05	0.30	0.82	0.28	ND	ND	0.05	ND	ND	ND	0.56	ND	ND	ND	ND	0.05	ND	0.13	ND	ND	ND	ND	ND	ND	ND	ND	0.91	0.44	4.82	2.90	0.24	ND	0.10	ND	0.10	0.14	ND
JWL0177		ND	ND	ND	ND	0.03	ND	ND	ND	ND	0.20	ND	0.45	ND	0.12	ND	ND	ND	ND	0.09	0.13	0.07	ND	ND	3.13	ND	ND	ND	ND	0.81	ND	0.09	0.02	ND	ND	0.08	1.30	ND	ND	0.43	147.78	1.23	0.89	ND	ND	ND	ND	ND	1.48	0.94	0.30	2.31	ND	0.09	ND	ND	0.05	0.40	0.14	ND	ND	ND	ND	44.35	34.59	24.45	ND	ND	ND	2.94	17.67	ND	ND	ND	0.19	ND	ND	0.04	ND	2.01	0.14	ND	0.25	ND	ND	18.57	0.15	0.10	250.89	2.19	1.56	0.21	0.10	0.08	1.13	6.67	5.29	0.95	0.04	0.18	0.09	0.05	0.08	0.99	6.00	ND	4.42	ND	0.49	ND	ND	ND	ND	ND	3.91	2.91	ND	ND	ND	0.15	ND	0.07	0.34	0.11	0.17	0.59	ND	ND	ND	0.33	ND	ND	0.05	ND	ND	0.04	0.10	0.12	ND	0.12	0.20	ND	5.07	ND	ND	1.34	ND	0.21	ND	0.10	ND	ND	ND	ND	0.81	0.52	ND	ND	ND	ND	ND	1.63	0.35	ND	0.51	ND	3.01	ND	0.05	ND	ND	ND	ND	2.70	7.70	5.32	0.07	1.74	0.90	0.03	ND	ND	0.39	0.59	1.78	3.21	0.39	1.35	0.06	ND	ND	ND	ND	ND	72.34	ND	ND	1.08	1.40	0.91	0.53	0.23	0.09	0.04	0.12	0.25	2.29	ND	ND	0.03	ND	0.15	10.43	0.75	ND	ND	ND	ND	ND	ND	ND	0.02	0.65	0.18	2.99	ND	ND	22.95	ND	ND	ND	0.13	ND
JWL0178		ND	ND	0.32	ND	0.09	14.17	ND	ND	ND	0.74	ND	1.71	2.78	0.37	ND	ND	ND	ND	0.14	0.35	0.47	ND	ND	27.10	ND	ND	ND	25.26	3.61	1.14	0.15	0.23	ND	ND	ND	7.28	ND	ND	1.32	291.90	2.44	1.67	ND	ND	ND	2.09	ND	3.23	6.52	1.79	10.38	0.09	0.24	ND	ND	1.09	4.97	ND	ND	ND	ND	ND	144.52	111.44	83.36	ND	ND	ND	11.83	94.14	ND	ND	0.13	1.95	ND	ND	0.12	5.25	37.13	ND	ND	1.36	0.10	ND	83.10	0.71	0.48	838.09	7.14	5.14	0.20	0.28	0.61	7.73	21.45	22.12	5.13	0.23	0.15	0.73	0.23	0.14	1.96	8.24	0.61	7.73	ND	ND	0.89	0.16	0.11	ND	ND	37.53	36.57	0.24	0.24	0.08	0.19	ND	ND	1.53	0.79	0.68	3.66	ND	ND	ND	ND	0.96	0.52	0.17	ND	ND	ND	0.21	0.75	0.08	0.41	2.48	ND	ND	29.80	ND	7.20	0.90	2.64	ND	ND	0.76	ND	ND	ND	2.16	2.90	ND	0.10	ND	0.13	0.26	11.91	4.30	ND	2.93	ND	27.14	0.36	0.29	ND	0.12	ND	ND	6.43	44.32	44.93	0.52	4.24	11.83	0.12	0.20	ND	ND	2.53	20.65	7.08	3.15	2.41	0.16	ND	ND	0.12	ND	3.64	220.07	ND	1.08	6.75	9.14	6.30	2.86	1.78	0.36	0.15	0.12	0.98	10.60	0.47	ND	ND	ND	0.76	28.78	2.69	ND	0.37	ND	ND	ND	ND	ND	ND	ND	0.77	8.25	ND	0.16	48.26	0.10	0.40	0.51	0.23	ND
JWL0179		ND	ND	ND	0.05	0.06	ND	ND	0.08	ND	0.51	ND	0.11	ND	ND	ND	ND	ND	ND	0.07	ND	ND	0.12	ND	1.54	ND	ND	ND	ND	0.57	0.05	ND	ND	ND	ND	0.07	0.63	ND	0.07	0.36	75.20	0.78	ND	ND	ND	3.78	ND	ND	0.54	0.34	0.15	0.43	ND	0.06	ND	ND	0.10	0.31	0.02	ND	0.05	ND	ND	29.71	23.09	15.67	ND	3.05	ND	0.65	10.04	1.21	ND	ND	ND	ND	ND	0.05	ND	1.51	0.10	ND	ND	ND	ND	ND	ND	ND	227.50	1.92	1.34	ND	9.65	ND	0.24	1.68	3.83	0.84	0.04	0.80	ND	ND	ND	ND	3.48	ND	1.50	ND	0.63	0.04	0.06	ND	ND	ND	2.77	3.24	ND	ND	ND	0.08	0.04	0.22	ND	0.04	0.17	0.30	ND	0.07	ND	0.16	0.03	0.04	ND	0.03	ND	ND	ND	0.08	0.53	ND	1.19	ND	ND	20.39	ND	0.75	0.33	0.13	ND	0.08	0.12	ND	ND	0.08	0.55	0.84	0.03	0.09	0.03	0.06	0.08	4.48	0.39	ND	ND	0.18	1.33	0.03	0.04	0.22	0.21	ND	ND	1.57	7.13	5.67	0.06	1.28	0.49	0.24	0.05	ND	0.53	0.33	1.29	2.98	0.40	1.87	0.06	ND	0.05	ND	0.05	0.70	94.97	8.64	ND	5.37	2.33	0.82	0.22	0.15	ND	0.08	ND	ND	2.35	ND	0.10	0.13	0.15	ND	15.32	0.91	0.09	0.19	0.15	0.13	0.06	0.16	0.16	0.28	ND	ND	ND	3.28	ND	24.21	ND	0.03	0.03	ND	ND
JWL0180		ND	ND	ND	0.05	0.09	ND	ND	0.07	0.04	1.12	ND	0.17	ND	ND	ND	ND	ND	ND	0.03	ND	0.11	ND	ND	2.30	ND	ND	ND	ND	1.32	0.10	ND	ND	ND	ND	0.12	0.84	ND	ND	0.32	138.52	1.56	ND	ND	ND	7.34	ND	ND	1.64	0.70	0.29	0.72	ND	0.05	ND	ND	0.08	0.33	ND	ND	ND	ND	ND	39.35	29.67	22.16	ND	3.16	ND	1.46	17.76	2.22	ND	ND	0.26	ND	ND	0.07	0.72	1.78	0.34	0.17	ND	0.03	ND	15.58	ND	ND	280.36	2.40	1.73	ND	13.16	ND	0.34	3.46	5.57	1.41	0.09	1.37	ND	ND	ND	ND	3.55	ND	ND	ND	0.69	0.03	0.13	ND	ND	ND	4.31	5.30	ND	ND	ND	0.10	ND	ND	ND	0.10	0.27	0.70	ND	0.10	ND	0.11	0.03	ND	ND	0.05	ND	ND	0.06	0.09	0.59	0.23	3.32	ND	ND	45.56	ND	1.07	0.16	0.30	ND	0.11	0.16	ND	ND	ND	0.63	1.14	0.05	0.14	0.05	0.16	0.19	5.07	0.38	0.07	0.56	ND	2.44	0.07	0.06	0.42	0.55	ND	0.07	0.06	17.92	ND	0.11	1.47	1.56	0.33	0.05	0.10	0.92	0.60	4.98	2.34	0.77	3.12	0.17	ND	0.04	ND	0.08	0.64	161.11	10.81	ND	10.86	5.35	2.05	1.84	ND	0.09	0.22	0.04	ND	4.43	0.18	0.19	0.09	0.14	0.18	29.31	2.31	0.07	0.45	0.15	ND	0.04	0.13	0.11	0.33	1.02	ND	2.24	ND	ND	31.20	ND	ND	ND	ND	ND
JWL0181		0.01	ND	ND	0.03	0.03	ND	ND	0.04	ND	0.25	ND	0.04	ND	0.02	ND	ND	ND	ND	0.02	ND	ND	0.06	ND	0.56	ND	ND	ND	ND	0.21	0.03	ND	ND	ND	ND	ND	0.18	ND	ND	0.11	33.16	0.36	ND	ND	ND	2.59	ND	ND	0.20	0.10	0.06	0.18	ND	ND	ND	ND	0.02	0.09	0.03	ND	0.01	ND	ND	12.95	9.68	ND	ND	2.04	ND	0.27	3.46	0.53	ND	ND	ND	ND	ND	0.02	ND	0.45	0.02	ND	0.45	ND	ND	ND	ND	ND	33.88	36.23	0.41	ND	5.46	ND	ND	0.61	1.29	0.27	ND	0.92	0.03	ND	ND	ND	2.73	ND	ND	ND	ND	ND	ND	ND	ND	ND	0.81	1.04	ND	ND	ND	0.05	0.01	0.11	ND	ND	0.05	ND	ND	0.04	0.04	0.12	0.01	0.01	ND	0.01	0.36	ND	ND	ND	0.08	0.05	0.55	ND	ND	4.81	ND	0.16	ND	ND	ND	0.09	0.06	ND	ND	ND	0.27	0.39	0.02	ND	ND	0.01	0.06	0.83	0.09	ND	0.04	0.18	ND	0.01	ND	0.05	0.05	ND	ND	ND	1.64	1.46	ND	ND	ND	0.12	ND	ND	0.16	ND	0.48	0.49	ND	ND	ND	0.04	0.02	ND	0.02	0.11	27.23	2.63	ND	0.78	0.37	ND	0.10	ND	ND	ND	ND	0.02	ND	ND	0.03	0.05	0.07	0.03	ND	0.06	0.04	ND	0.08	0.06	0.03	0.07	0.06	0.06	ND	ND	0.68	ND	0.09	ND	0.02	0.02	0.01	ND	ND
JWL0185		0.06	ND	0.15	ND	ND	ND	ND	0.19	0.10	1.30	ND	0.24	ND	0.08	ND	ND	ND	ND	ND	0.03	0.12	0.13	ND	3.51	ND	ND	ND	8.24	1.48	0.15	ND	ND	ND	ND	0.10	1.23	ND	ND	0.42	131.68	1.09	0.76	ND	ND	7.16	0.24	ND	1.58	1.43	0.65	0.82	ND	0.06	ND	ND	0.08	0.63	ND	ND	ND	1.53	ND	35.12	26.75	18.87	ND	4.99	ND	1.24	29.84	2.35	ND	ND	0.35	0.03	ND	0.04	0.42	4.04	ND	ND	1.56	ND	ND	11.21	0.10	0.06	218.80	1.87	1.33	ND	13.16	ND	0.71	ND	7.29	1.27	0.18	1.82	0.15	ND	0.07	ND	3.37	ND	2.62	ND	1.10	0.16	0.08	0.11	ND	ND	6.07	5.54	ND	0.04	0.02	0.08	0.07	0.20	0.21	0.09	0.35	0.52	ND	0.13	ND	ND	ND	ND	0.04	0.04	1.00	ND	0.04	0.07	0.71	0.13	3.70	ND	ND	27.32	ND	1.39	0.24	0.26	ND	0.11	0.10	ND	ND	ND	0.81	1.11	0.10	0.10	0.05	0.11	0.14	4.59	0.41	0.05	0.32	0.10	2.29	0.08	ND	0.44	0.26	ND	0.04	3.31	10.29	0.04	0.05	0.50	1.41	ND	0.05	0.06	0.59	0.39	4.02	2.50	0.48	1.53	0.06	ND	ND	0.08	ND	1.06	78.12	5.92	ND	ND	ND	1.06	1.44	0.72	0.10	0.06	ND	0.12	2.90	0.11	0.04	ND	0.03	0.04	15.83	1.16	0.02	0.20	ND	0.04	ND	ND	ND	0.20	0.45	0.37	3.42	ND	ND	32.85	0.02	0.08	0.03	ND	ND
JWL0188		ND	ND	ND	ND	ND	ND	ND	ND	0.13	0.19	ND	0.09	ND	ND	ND	ND	ND	ND	ND	ND	0.10	ND	ND	1.50	ND	ND	ND	ND	1.08	ND	ND	ND	ND	ND	ND	0.24	ND	0.05	0.27	58.88	0.66	ND	ND	ND	0.06	ND	ND	0.26	0.28	0.40	1.18	ND	ND	ND	ND	0.03	0.23	0.11	ND	0.01	ND	ND	26.06	20.72	ND	ND	ND	ND	ND	18.25	0.06	ND	ND	0.34	ND	ND	ND	ND	0.76	0.19	ND	0.78	ND	ND	ND	ND	ND	176.81	1.54	1.06	0.15	0.28	ND	ND	0.77	4.71	0.91	ND	0.12	0.02	ND	ND	ND	3.15	ND	ND	ND	ND	ND	0.01	0.05	ND	ND	2.12	2.87	ND	ND	ND	0.07	ND	0.06	0.05	ND	0.18	0.37	0.06	ND	ND	ND	0.04	0.06	0.02	0.07	0.06	ND	ND	0.11	ND	ND	1.59	ND	5.18	ND	ND	0.28	0.13	ND	ND	ND	ND	ND	ND	ND	ND	0.58	0.06	ND	ND	0.10	ND	2.64	0.19	ND	0.12	ND	2.85	0.05	0.05	ND	0.12	ND	ND	2.61	4.17	3.51	ND	0.44	1.06	ND	0.02	ND	0.32	0.37	1.84	1.07	0.60	ND	ND	ND	0.02	ND	0.04	0.19	76.14	ND	ND	ND	ND	1.06	0.53	0.36	0.06	ND	0.03	0.10	1.40	0.03	ND	ND	ND	0.10	5.67	0.54	ND	ND	0.02	ND	ND	0.02	0.02	ND	2.07	0.96	5.84	12.43	ND	ND	0.05	0.06	0.08	0.50	ND
JWL0189		ND	0.20	ND	ND	ND	0.17	ND	8.17	6.07	143.62	108.13	0.30	ND	0.78	ND	1.44	0.21	1.33	ND	ND	19.65	36.99	ND	0.25	ND	0.10	0.50	ND	0.90	ND	ND	ND	0.56	ND	ND	ND	6.49	1.10	21.72	ND	ND	ND	25.00	0.27	ND	ND	1.87	ND	ND	2.55	30.73	0.32	ND	ND	0.08	ND	0.20	ND	0.11	0.30	ND	ND	2.48	2.04	ND	3.12	1.31	0.81	ND	87.64	9.25	0.22	ND	1.17	ND	0.04	ND	ND	3.71	0.15	0.39	ND	0.08	ND	ND	ND	ND	69.94	0.56	0.41	ND	18.12	ND	ND	ND	3.19	4.20	0.07	0.23	0.06	0.04	0.04	ND	0.62	0.63	4.82	ND	ND	0.03	0.02	ND	ND	ND	ND	1.08	ND	ND	ND	ND	ND	0.21	ND	ND	0.64	0.96	0.14	ND	ND	ND	ND	ND	0.11	ND	6.97	ND	ND	ND	ND	ND	ND	ND	0.25	ND	0.10	ND	ND	0.36	ND	0.08	ND	ND	ND	ND	ND	0.38	0.17	ND	ND	ND	ND	ND	ND	ND	ND	0.16	ND	ND	ND	ND	ND	ND	ND	ND	ND	ND	ND	ND	ND	ND	ND	ND	ND	ND	ND	ND	ND	ND	ND	ND	0.04	ND	ND	ND	ND	ND	ND	ND	ND	ND	ND	ND	ND	ND	ND	ND	ND	ND	ND	0.04	0.06	ND	ND	ND	0.03	ND	0.09	0.09	0.04	0.09	0.11	ND	ND	ND	ND	0.71	0.25	ND	0.06	0.13	ND	0.27	ND
JWL0190		ND	0.08	ND	ND	ND	10.18	0.16	ND	ND	0.87	ND	5.21	1.69	ND	0.06	ND	ND	ND	ND	0.37	0.06	0.27	0.87	19.45	18.30	ND	ND	2.49	0.49	ND	ND	ND	ND	0.15	0.12	11.18	0.74	ND	ND	491.00	5.61	ND	ND	ND	7.37	ND	ND	1.56	4.29	0.96	0.38	ND	ND	0.14	ND	ND	0.97	ND	ND	0.11	0.10	ND	41.35	31.78	23.36	ND	0.33	0.18	0.27	4.55	ND	ND	ND	ND	ND	0.07	ND	ND	1.47	0.13	0.10	0.92	ND	ND	ND	ND	ND	160.67	1.38	1.00	0.14	1.12	ND	ND	1.25	0.64	0.23	ND	0.16	0.19	ND	ND	2.16	3.78	ND	0.75	ND	0.66	0.08	ND	ND	0.58	ND	1.32	3.72	2.11	ND	ND	0.09	ND	0.06	ND	ND	2.15	ND	ND	0.08	ND	ND	ND	ND	ND	ND	0.18	ND	ND	ND	0.21	ND	ND	9.47	0.86	ND	0.08	ND	ND	ND	ND	0.07	ND	ND	0.10	ND	0.23	0.70	ND	ND	ND	ND	ND	0.62	ND	ND	ND	0.09	ND	ND	ND	ND	ND	0.07	ND	ND	ND	ND	ND	ND	ND	ND	ND	ND	ND	ND	ND	ND	ND	ND	ND	ND	ND	ND	ND	ND	ND	ND	ND	ND	ND	ND	ND	ND	ND	ND	ND	ND	ND	ND	ND	ND	ND	ND	ND	ND	ND	ND	ND	ND	ND	ND	ND	ND	ND	ND	ND	ND	ND	ND	ND	ND	ND	ND	ND
JWL0191		ND	0.17	ND	1.11	ND	0.08	35.94	27.01	1.38	81.64	62.67	40.01	ND	8.04	ND	0.25	1.25	0.83	0.22	ND	ND	3.81	ND	2.23	1.11	1.83	0.33	ND	161.85	0.15	0.09	0.26	1.27	ND	ND	21.53	ND	ND	4.47	273.02	2.35	1.73	ND	ND	ND	ND	ND	ND	12.41	6.77	32.08	0.34	ND	0.27	0.21	ND	0.86	ND	0.49	0.27	ND	ND	11.26	8.59	8.27	11.23	0.15	ND	ND	252.29	0.15	ND	0.71	0.82	0.44	0.87	ND	1.60	30.50	ND	2.12	5.41	0.69	ND	ND	ND	ND	740.74	6.47	4.50	0.16	ND	0.59	ND	5.13	81.52	6.14	0.10	0.20	0.17	ND	ND	0.40	1.69	1.40	3.99	ND	ND	1.77	0.19	ND	ND	ND	22.59	29.07	0.12	ND	0.19	ND	ND	0.12	0.60	ND	0.95	1.93	0.16	0.11	ND	ND	0.41	0.15	0.15	ND	ND	ND	1.05	ND	20.77	ND	ND	ND	38.05	ND	0.11	5.96	0.28	1.57	ND	ND	ND	0.29	ND	ND	2.63	2.46	0.14	ND	0.60	ND	ND	0.94	ND	0.18	ND	ND	ND	ND	ND	0.24	ND	0.94	ND	ND	ND	ND	ND	ND	ND	ND	ND	ND	ND	ND	ND	ND	ND	ND	ND	ND	ND	ND	ND	ND	0.62	ND	ND	ND	ND	ND	ND	ND	ND	ND	ND	ND	ND	ND	ND	ND	ND	ND	0.25	ND	ND	ND	ND	ND	ND	ND	ND	0.07	ND	0.81	ND	0.75	0.24	7.15	ND	0.14	ND	0.25	2.51
																																																																																																																																																																																																																																									
Total Analytes	232	1	1	1	1	1	1	1	1	1	1	1	1	1	1	1	1	1	1	1	1	1	1	1	1	1	1	1	1	1	1	1	1	1	1	1	1	1	1	1	1	1	1	1	1	1	1	1	1	1	1	1	1	1	1	1	1	1	1	1	1	1	1	1	1	1	1	1	1	1	1	1	1	1	1	1	1	1	1	1	1	1	1	1	1	1	1	1	1	1	1	1	1	1	1	1	1	1	1	1	1	1	1	1	1	1	1	1	1	1	1	1	1	1	1	1	1	1	1	1	1	1	1	1	1	1	1	1	1	1	1	1	1	1	1	1	1	1	1	1	1	1	1	1	1	1	1	1	1	1	1	1	1	1	1	1	1	1	1	1	1	1	1	1	1	1	1	1	1	1	1	1	1	1	1	1	1	1	1	1	1	1	1	1	1	1	1	1	1	1	1	1	1	1	1	1	1	1	1	1	1	1	1	1	1	1	1	1	1	1	1	1	1	1	1	1	1	1	1	1	1	1	1	1	1	1	1	1	1	1	1	1	1
Total MS2 Confirmed	107	0	0	1	0	0	0	0	1	1	1	1	0	0	1	0	0	1	1	0	1	1	0	0	1	1	1	1	0	1	0	0	0	1	1	0	0	0	0	1	1	1	1	1	1	1	0	1	1	1	0	1	1	0	1	0	0	1	1	0	1	0	1	1	1	1	1	1	0	1	1	0	0	0	0	0	1	0	0	1	1	1	1	0	1	1	1	1	1	1	1	0	1	1	1	1	1	1	1	1	0	0	0	0	0	0	0	0	0	0	0	0	1	1	1	1	1	1	1	0	0	0	0	0	0	1	0	0	0	0	0	0	0	0	0	0	0	0	1	1	1	0	1	1	0	0	0	1	0	0	0	0	0	0	0	0	0	0	0	1	0	0	0	0	0	0	1	0	0	0	0	0	1	1	1	1	1	1	1	0	0	0	0	1	1	1	1	0	0	1	1	1	0	1	1	1	0	1	1	1	1	1	0	0	0	1	1	0	0	1	0	1	1	0	0	0	1	1	0	0	1	0	0	0	0	0	0	0	0	0	0	0	0
