	Triacylglycerol Profile (TG)																																																																																																																																																																																																																																																																																																															
	Data are expressed as normalized intensities and constitute relative abundances per mg tissue (relative to exactly measured internal standards).  																																																																																																																																																																																																																																																																																																															
	The data can be used for direct comparison of individual metabolites between different samples as well as of different metabolites within the same sample.																																																																																																																																																																																																																																																																																																															
	ND = not detected																																																																																																																																																																																																																																																																																																															
																																																																																																																																																																																																																																																																																																																
																																																																																																																																																																																																																																																																																																																
		Normalized Intensities  (UNIT = Intensity / mg tissue)																																																																																																																																																																																																																																																																																																														
Sample ID		TG 28:0_19.28 | 8:0_10:0_10:0	TG 32:0_26.32 | 8:0_12:0_12:0	TG 32:0_26.66 | 4:0_12:0_16:0	TG 32:0_26.66 | 2:0_14:0_16:0	TG 32:0_26.66 | 4:0_14:0_14:0	TG 32:0_26.66 | 6:0_12:0_14:0	TG 32:0_26.66 | 6:0_10:0_16:0	TG 34:0_27.58 | 8:0_12:0_14:0	TG 34:0_27.58 | 4:0_14:0_16:0	TG 34:0_27.58 | 10:0_12:0_12:0	TG 34:0_27.58 | 6:0_14:0_14:0	TG 34:0_27.58 | 6:0_12:0_16:0	TG 34:0_27.58 | 2:0_16:0_16:0	TG 34:0_27.58 | 8:0_10:0_16:0	TG 35:0_28.03 | 4:0_15:0_16:0	TG 36:0_28.28 | 4:0_16:0_16:0	TG 36:0_28.28 | 6:0_14:0_16:0	TG 36:0_28.28 | 12:0_12:0_12:0	TG 36:0_28.28 | 8:0_12:0_16:0	TG 36:0_28.28 | 10:0_12:0_14:0	TG 36:0_28.28 | 8:0_14:0_14:0	TG 36:0_28.28 | 2:0_16:0_18:0	TG 36:1_27.78 | 2:0_16:0_18:1	TG 36:1_27.78 | 4:0_14:0_18:1	TG 36:2_27.01 | 2:0_16:1_18:1	TG 37:0_28.57 | 6:0_15:0_16:0	TG 37:0_28.57 | 4:0_16:0_17:0	TG 38:0_28.78 | 12:0_12:0_14:0	TG 38:0_28.78 | 4:0_16:0_18:0	TG 38:0_28.78 | 6:0_16:0_16:0	TG 38:0_28.78 | 8:0_14:0_16:0	TG 38:0_28.78 | 6:0_14:0_18:0	TG 38:0_28.78 | 8:0_12:0_18:0	TG 38:0_28.78 | 10:0_12:0_16:0	TG 38:0_28.78 | 10:0_10:0_18:0	TG 38:1_28.42 | 4:0_16:0_18:1	TG 38:1_28.42 | 6:0_14:0_18:1	TG 38:1_28.42 | 8:0_12:0_18:1	TG 38:1_28.42 | 2:0_18:0_18:1	TG 38:1_28.42 | 10:0_12:0_16:1	TG 38:2_27.87 | 2:0_18:1_18:1	TG 39:0_29.05	TG 39:0_29.05 | 6:0_16:0_17:0	TG 39:0_29.05 | 8:0_15:0_16:0	TG 39:0_29.05 | 12:0_13:0_14:0	TG 39:0_29.05 | 4:0_17:0_18:0	TG 39:1_28.55	TG 40:0_29.26 | 12:0_12:0_16:0	TG 40:0_29.26 | 12:0_14:0_14:0	TG 40:0_29.26 | 6:0_16:0_18:0	TG 40:0_29.26 | 10:0_14:0_16:0	TG 40:0_29.26 | 8:0_16:0_16:0	TG 40:0_29.26 | 8:0_14:0_18:0	TG 40:0_29.26 | 10:0_12:0_18:0	TG 40:1_28.78 | 12:0_12:0_16:1	TG 40:1_28.78 | 6:0_16:0_18:1	TG 40:1_28.78 | 4:0_18:0_18:1	TG 40:1_28.78 | 8:0_14:0_18:1	TG 40:1_28.78 | 10:0_12:0_18:1	TG 40:2_28.44 | 4:0_18:1_18:1	TG 40:2_28.44 | 6:0_16:1_18:1	TG 41:0_29.51	TG 41:0_29.51 | 12:0_14:0_15:0	TG 41:0_29.51 | 13:0_14:0_14:0	TG 41:0_29.51 | 12:0_13:0_16:0	TG 41:1_29.03	TG 41:1_29.03 | 12:0_13:0_16:1	TG 41:1_29.03 | 12:0_12:0_17:1	TG 41:6_27.17	TG 42:0_29.78 | 14:0_14:0_14:0	TG 42:0_29.78 | 12:0_14:0_16:0	TG 42:0_29.78 | 10:0_16:0_16:0	TG 42:0_29.78 | 12:0_12:0_18:0	TG 42:0_29.78 | 8:0_16:0_18:0	TG 42:1_29.28 | 12:0_12:0_18:1	TG 42:1_29.28 | 12:0_14:0_16:1	TG 42:1_29.28 | 8:0_16:0_18:1	TG 42:1_29.28 | 14:0_14:0_14:1	TG 42:1_29.28 | 10:0_14:0_18:1	TG 42:1_29.28 | 6:0_18:0_18:1	TG 42:2_28.87 | 12:0_14:1_16:1	TG 42:2_28.87 | 6:0_18:1_18:1	TG 42:2_28.87 | 8:0_16:1_18:1	TG 42:2_28.87 | 12:0_12:0_18:2	TG 42:2_28.87 | 14:0_14:1_14:1	TG 42:2_28.87 | 10:0_16:1_16:1	TG 42:2_28.87 | 8:0_16:0_18:2	TG 42:3_28.57 | 6:0_18:1_18:2	TG 43:0_30.05	TG 43:0_30.05 | 14:0_14:0_15:0	TG 43:0_30.05 | 12:0_15:0_16:0	TG 43:0_30.05 | 13:0_14:0_16:0	TG 43:1_29.53 | 12:0_15:0_16:1	TG 43:1_29.53 | 12:0_13:0_18:1	TG 43:1_29.53 | 13:0_14:0_16:1	TG 43:1_29.53 | 14:0_14:0_15:1	TG 43:2_29.07	TG 43:2_29.07 | 12:0_15:1_16:1	TG 43:2_29.07 | 13:0_14:1_16:1	TG 43:3_28.82	TG 43:4_28.55	TG 44:0_30.35 | 14:0_14:0_16:0	TG 44:0_30.35 | 12:0_16:0_16:0	TG 44:0_30.35 | 10:0_16:0_18:0	TG 44:1_29.80 | 14:0_14:0_16:1	TG 44:1_29.80 | 12:0_14:0_18:1	TG 44:1_29.80 | 12:0_16:0_16:1	TG 44:1_29.80 | 10:0_16:0_18:1	TG 44:2_29.32 | 12:0_16:1_16:1	TG 44:2_29.32 | 14:0_14:1_16:1	TG 44:2_29.32 | 8:0_18:1_18:1	TG 44:3_29.01 | 12:0_16:1_16:2	TG 44:3_29.01 | 14:1_14:1_16:1	TG 44:4_28.71	TG 44:4_28.71 | 12:0_14:0_18:4	TG 44:5_28.42 | 12:0_12:0_20:5	TG 45:0_30.57 | 14:0_15:0_16:0	TG 45:1_30.05 | 14:0_15:0_16:1	TG 45:1_30.05 | 12:0_15:0_18:1	TG 45:1_30.05 | 13:0_16:0_16:1	TG 45:1_30.05 | 14:0_14:0_17:1	TG 45:1_30.05 | 13:0_14:0_18:1	TG 45:1_30.05 | 12:0_16:0_17:1	TG 45:1_30.05 | 14:0_15:1_16:0	TG 45:2_29.57 | 12:0_16:1_17:1	TG 45:2_29.57 | 14:0_15:1_16:1	TG 45:2_29.57 | 13:0_16:1_16:1	TG 45:2_29.57 | 12:0_15:1_18:1	TG 45:2_29.57 | 14:1_15:0_16:1	TG 45:3_29.23	TG 45:3_29.23 | 14:1_15:1_16:1	TG 45:4_28.92	TG 45:5_28.60	TG 46:0_30.89 | 14:0_16:0_16:0	TG 46:0_30.89 | 12:0_16:0_18:0	TG 46:0_30.89 | 15:0_15:0_16:0	TG 46:1_30.32 | 12:0_16:0_18:1	TG 46:1_30.32 | 14:0_16:0_16:1	TG 46:1_30.32 | 14:0_14:0_18:1	TG 46:2_29.82 | 12:0_16:1_18:1	TG 46:2_29.82 | 14:0_16:1_16:1	TG 46:2_29.82 | 14:0_14:0_18:2	TG 46:2_29.82 | 14:1_16:0_16:1	TG 46:3_29.42 | 14:1_16:1_16:1	TG 46:3_29.42 | 14:0_16:1_16:2	TG 46:3_29.42 | 12:0_16:2_18:1	TG 46:3_29.42 | 12:0_16:1_18:2	TG 46:3_29.42 | 12:1_16:1_18:1	TG 46:4_29.19 | 14:0_14:0_18:4	TG 46:4_29.19 | 12:0_16:1_18:3	TG 46:4_29.19 | 12:0_16:0_18:4	TG 46:5_28.87 | 12:0_14:0_20:5	TG 46:5_28.87 | 12:0_16:1_18:4	TG 46:6_28.53 | 12:0_12:0_22:6	TG 47:0_31.14 | 15:0_16:0_16:0	TG 47:0_31.14 | 14:0_16:0_17:0	TG 47:1_30.57 | 15:0_16:0_16:1	TG 47:1_30.57 | 14:0_15:0_18:1	TG 47:1_30.57 | 14:0_16:0_17:1	TG 47:1_30.57 | 13:0_16:0_18:1	TG 47:1_30.57 | 12:0_17:0_18:1	TG 47:1_30.57 | 14:0_16:1_17:0	TG 47:2_30.07 | 15:0_16:1_16:1	TG 47:2_30.07 | 14:0_16:1_17:1	TG 47:2_30.07 | 13:0_16:1_18:1	TG 47:2_30.07 | 12:0_17:1_18:1	TG 47:2_30.07 | 15:1_16:0_16:1	TG 47:2_30.07 | 14:0_15:1_18:1	TG 47:3_29.71 | 15:1_16:1_16:1	TG 47:3_29.71 | 13:1_16:1_18:1	TG 47:3_29.71 | 14:0_16:2_17:1	TG 47:3_29.71 | 14:0_15:0_18:3	TG 47:4_29.39 | 14:0_15:0_18:4	TG 48:0_31.46 | 16:0_16:0_16:0	TG 48:0_31.46 | 14:0_16:0_18:0	TG 48:1_30.87 | 14:0_16:0_18:1	TG 48:1_30.87 | 16:0_16:0_16:1	TG 48:1_30.87 | 12:0_18:0_18:1	TG 48:2_30.32 | 12:0_18:1_18:1	TG 48:2_30.32 | 14:0_16:1_18:1	TG 48:2_30.32 | 16:0_16:1_16:1	TG 48:3_29.85 | 16:1_16:1_16:1	TG 48:3_29.85 | 16:0_16:1_16:2	TG 48:3_29.85 | 14:1_16:1_18:1	TG 48:3_29.85 | 12:0_18:1_18:2	TG 48:3_29.85 | 14:0_16:1_18:2	TG 48:4_29.66 | 14:0_16:0_18:4	TG 48:4_29.66 | 16:1_16:1_16:2	TG 48:4_29.66 | 14:0_16:1_18:3	TG 48:4_29.66 | 12:0_16:0_20:4	TG 48:5_29.28 | 14:0_14:0_20:5	TG 48:5_29.28 | 14:0_16:1_18:4	TG 48:5_29.28 | 12:0_16:0_20:5	TG 48:6_28.32	TG 48:6_28.85 | 12:0_16:1_20:5	TG 48:6_28.85 | 12:0_14:0_22:6	TG 49:0_31.71 | 16:0_16:0_17:0	TG 49:0_31.71 | 15:0_16:0_18:0	TG 49:1_31.10 | 15:0_16:0_18:1	TG 49:1_31.10 | 16:0_16:1_17:0	TG 49:1_31.10 | 16:0_16:0_17:1	TG 49:1_31.10 | 14:0_17:0_18:1	TG 49:2_30.58 | 15:0_16:1_18:1	TG 49:2_30.58 | 16:0_16:1_17:1	TG 49:2_30.58 | 14:0_17:1_18:1	TG 49:2_30.58 | 13:0_18:1_18:1	TG 49:2_30.58 | 16:1_16:1_17:0	TG 49:2_30.58 | 15:1_16:0_18:1	TG 49:3_30.21 | 16:1_16:1_17:1	TG 49:3_30.21 | 15:1_16:1_18:1	TG 49:3_30.21 | 14:0_17:1_18:2	TG 49:3_30.21 | 13:1_18:1_18:1	TG 49:3_30.21 | 16:0_16:2_17:1	TG 49:4_29.75 | 15:0_16:1_18:3	TG 49:4_29.75 | 16:1_16:2_17:1	TG 49:4_29.75 | 15:1_16:1_18:2	TG 49:4_29.75 | 15:0_16:0_18:4	TG 49:5_29.48 | 14:0_15:0_20:5	TG 49:5_29.48 | 15:0_16:1_18:4	TG 49:5_29.48 | 14:0_17:1_18:4	TG 49:6_29.14 | 12:0_15:0_22:6	TG 49:7_28.82	TG 50:0_32.06 | 16:0_16:0_18:0	TG 50:1_31.42 | 16:0_16:0_18:1	TG 50:1_31.42 | 16:0_16:1_18:0	TG 50:2_30.85 | 16:0_16:1_18:1	TG 50:2_30.85 | 14:0_18:1_18:1	TG 50:2_30.85 | 16:0_16:0_18:2	TG 50:3_30.33 | 16:1_16:1_18:1	TG 50:3_30.33 | 16:0_16:2_18:1	TG 50:3_30.33 | 16:0_16:1_18:2	TG 50:3_30.33 | 14:0_18:1_18:2	TG 50:4_30.05 | 16:0_16:0_18:4	TG 50:4_30.05 | 16:1_16:2_18:1	TG 50:4_30.05 | 16:0_16:1_18:3	TG 50:4_30.05 | 16:1_16:1_18:2	TG 50:4_30.05 | 14:0_16:0_20:4	TG 50:4_30.05 | 14:0_18:1_18:3	TG 50:5_29.76 | 14:0_16:0_20:5	TG 50:5_29.76 | 16:0_16:1_18:4	TG 50:5_29.76 | 14:0_18:1_18:4	TG 50:5_29.76 | 14:0_16:1_20:4	TG 50:6_29.41 | 14:0_16:1_20:5	TG 50:6_29.41 | 14:0_14:0_22:6	TG 50:6_29.41 | 12:0_16:0_22:6	TG 50:6_29.41 | 12:0_18:1_20:5	TG 50:6_29.41 | 16:1_16:1_18:4	TG 50:7_29.01 | 12:0_16:1_22:6	TG 50:7_29.01 | 14:0_16:2_20:5	TG 50:7_29.01 | 14:1_16:1_20:5	TG 50:9_28.35	TG 51:0_32.35 | 16:0_17:0_18:0	TG 51:0_32.35 | 15:0_18:0_18:0	TG 51:0_32.35 | 16:0_16:0_19:0	TG 51:1_31.67 | 16:0_17:0_18:1	TG 51:1_31.67 | 15:0_18:0_18:1	TG 51:2_31.12 | 16:0_17:1_18:1	TG 51:2_31.12 | 15:0_18:1_18:1	TG 51:2_31.12 | 16:1_17:0_18:1	TG 51:3_30.64 | 16:1_17:1_18:1	TG 51:3_30.64 | 15:1_18:1_18:1	TG 51:3_30.64 | 16:0_17:1_18:2	TG 51:4_30.23 | 16:1_17:1_18:2	TG 51:4_30.23 | 15:0_18:1_18:3	TG 51:4_30.23 | 16:2_17:1_18:1	TG 51:4_30.23 | 15:1_18:1_18:2	TG 51:4_30.23 | 15:0_16:1_20:3	TG 51:5_29.98 | 15:0_16:0_20:5	TG 51:6_29.58 | 15:0_16:1_20:5	TG 51:6_29.58 | 14:0_17:1_20:5	TG 51:6_29.58 | 14:0_15:0_22:6	TG 52:0_32.67 | 16:0_18:0_18:0	TG 52:1_32.03 | 16:0_18:0_18:1	TG 52:1_32.03 | 16:0_16:0_20:1	TG 52:2_31.41 | 16:0_18:1_18:1	TG 52:3_30.85 | 16:1_18:1_18:1	TG 52:3_30.85 | 16:0_18:1_18:2	TG 52:4_30.50 | 16:1_18:1_18:2	TG 52:4_30.50 | 16:0_18:1_18:3	TG 52:4_30.50 | 16:0_16:0_20:4	TG 52:4_30.50 | 16:2_18:1_18:1	TG 52:4_30.50 | 16:0_18:2_18:2	TG 52:5_30.23 | 16:0_16:0_20:5	TG 52:5_30.23 | 16:0_18:1_18:4	TG 52:5_30.23 | 16:0_16:1_20:4	TG 52:5_30.23 | 14:0_18:1_20:4	TG 52:6_29.83 | 16:0_16:1_20:5	TG 52:6_29.83 | 14:0_18:1_20:5	TG 52:6_29.83 | 14:0_16:0_22:6	TG 52:6_29.83 | 16:1_18:1_18:4	TG 52:7_29.46 | 14:0_16:1_22:6	TG 52:7_29.46 | 16:1_16:1_20:5	TG 52:7_29.46 | 12:0_18:1_22:6	TG 52:8_29.08 | 14:1_16:1_22:6	TG 52:8_29.08 | 16:1_16:2_20:5	TG 53:0_33.00 | 17:0_18:0_18:0	TG 53:0_33.00 | 14:0_15:0_24:0	TG 53:0_33.00 | 16:0_18:0_19:0	TG 53:0_33.00 | 16:0_16:0_21:0	TG 53:1_32.29 | 16:0_18:1_19:0	TG 53:1_32.29 | 17:0_18:0_18:1	TG 53:1_32.29 | 16:0_17:0_20:1	TG 53:1_32.29 | 15:0_16:0_22:1
JWL0157		ND	0.01	0.00	ND	0.00	ND	ND	0.01	0.01	0.00	0.01	ND	0.00	0.00	ND	0.02	0.02	0.01	0.01	ND	0.00	ND	ND	0.01	ND	0.00	0.00	0.02	0.01	0.02	0.01	0.00	0.01	0.01	ND	0.01	0.00	0.00	ND	ND	ND	ND	ND	ND	ND	ND	0.00	0.02	0.01	0.01	0.01	0.01	0.00	0.00	ND	0.01	0.00	0.00	0.00	ND	ND	ND	0.00	0.00	0.00	ND	ND	ND	ND	0.01	0.02	0.01	0.00	0.01	0.00	ND	0.01	ND	ND	0.00	ND	ND	ND	ND	ND	ND	ND	ND	ND	0.01	0.01	0.01	ND	ND	ND	ND	0.00	ND	ND	ND	ND	0.04	0.03	0.01	0.01	ND	0.01	0.01	ND	ND	ND	ND	ND	ND	ND	ND	0.08	0.01	ND	0.00	ND	ND	ND	0.00	ND	ND	ND	ND	ND	0.00	ND	ND	ND	0.12	0.04	0.04	ND	0.07	ND	ND	0.01	ND	0.01	ND	ND	ND	ND	ND	ND	ND	ND	ND	ND	ND	0.09	0.04	0.04	ND	ND	ND	ND	0.01	0.02	ND	0.00	ND	0.01	ND	ND	ND	ND	ND	ND	0.16	0.05	0.05	0.04	ND	0.01	0.02	0.04	0.01	ND	0.00	ND	ND	ND	ND	ND	ND	ND	ND	ND	ND	ND	ND	0.05	0.03	0.02	0.02	0.01	0.01	0.01	0.01	ND	ND	0.00	0.00	ND	ND	ND	ND	ND	ND	ND	ND	ND	ND	ND	ND	ND	ND	0.19	0.33	ND	0.08	0.02	0.04	0.02	ND	0.01	0.01	0.01	ND	ND	ND	ND	ND	ND	ND	ND	ND	ND	ND	ND	ND	ND	ND	ND	ND	0.00	0.03	ND	ND	0.02	0.01	0.01	0.01	0.01	0.01	0.01	0.01	ND	ND	ND	ND	ND	ND	ND	ND	ND	0.21	0.57	ND	0.27	0.02	0.09	0.01	0.01	0.01	ND	0.04	0.07	ND	ND	ND	ND	ND	ND	ND	ND	ND	ND	ND	ND	0.01	0.00	ND	0.00	ND	0.01	ND	ND
JWL0159		ND	ND	ND	ND	ND	ND	ND	0.03	0.02	0.01	0.01	0.00	0.01	0.00	0.01	0.06	0.05	0.02	0.05	ND	ND	ND	0.01	0.01	ND	0.01	ND	0.02	0.02	0.04	0.02	0.01	0.01	0.01	ND	0.04	ND	0.01	ND	ND	ND	ND	0.00	0.00	0.00	0.00	ND	0.02	0.02	0.02	0.02	0.01	0.01	ND	ND	0.02	0.00	0.01	ND	ND	ND	ND	0.00	0.00	0.00	ND	ND	ND	0.03	0.02	0.01	0.03	0.01	0.01	0.01	ND	0.01	ND	0.01	0.00	ND	0.01	0.00	ND	ND	ND	0.00	ND	ND	0.01	0.01	0.01	ND	ND	ND	ND	0.01	ND	ND	ND	ND	0.08	0.05	ND	0.02	0.00	0.01	0.01	0.00	0.00	0.01	ND	ND	ND	ND	ND	0.12	0.03	ND	0.01	ND	ND	ND	ND	ND	ND	ND	ND	ND	0.01	ND	ND	ND	0.26	ND	0.05	0.03	0.09	ND	ND	0.02	0.00	0.01	ND	0.01	ND	ND	ND	ND	ND	ND	ND	ND	ND	0.14	0.05	0.06	ND	0.02	ND	ND	0.02	0.03	ND	ND	ND	0.02	ND	ND	ND	ND	ND	ND	0.34	0.17	0.12	0.09	ND	ND	0.05	0.07	0.02	0.01	0.00	ND	0.01	ND	ND	ND	ND	ND	ND	ND	0.21	ND	ND	0.09	0.06	0.05	0.04	0.01	0.01	0.01	0.01	ND	ND	ND	ND	ND	ND	ND	ND	ND	ND	ND	ND	ND	ND	ND	ND	ND	ND	0.54	0.42	ND	0.19	0.07	0.05	0.05	0.03	0.02	0.02	0.02	ND	ND	ND	0.03	0.02	0.12	ND	ND	ND	0.01	0.02	ND	ND	ND	ND	ND	ND	ND	0.07	0.03	ND	0.04	0.01	0.05	0.02	0.03	0.07	ND	ND	ND	ND	ND	ND	ND	ND	ND	ND	0.05	0.70	0.30	0.06	0.69	0.11	0.16	ND	ND	0.13	ND	ND	0.85	ND	ND	ND	0.25	0.27	0.15	ND	0.11	ND	ND	ND	ND	0.07	ND	0.02	ND	0.00	0.01	0.01	ND
JWL0166		ND	ND	0.01	0.08	0.03	ND	ND	0.04	0.05	0.02	0.01	0.05	0.06	ND	ND	0.08	0.10	0.06	0.07	ND	0.03	ND	0.10	0.08	ND	ND	ND	0.37	ND	0.11	0.17	ND	ND	ND	ND	0.06	0.09	ND	0.02	0.03	ND	ND	ND	ND	0.09	ND	0.03	ND	3.65	ND	ND	ND	ND	ND	0.12	0.10	ND	0.04	ND	0.02	0.05	ND	0.24	0.36	ND	ND	0.08	ND	0.05	14.47	ND	ND	ND	ND	ND	3.71	ND	2.22	ND	ND	0.11	ND	ND	ND	0.15	0.06	ND	ND	ND	2.41	ND	ND	0.19	ND	0.49	0.31	0.26	ND	ND	0.12	ND	17.52	ND	ND	33.54	ND	ND	ND	1.11	2.43	ND	ND	ND	ND	5.22	0.75	4.08	5.12	ND	ND	1.07	ND	ND	ND	ND	1.10	ND	ND	ND	ND	ND	ND	ND	13.07	ND	ND	ND	31.72	10.55	ND	11.30	3.06	0.57	ND	ND	ND	ND	ND	20.29	ND	ND	1.91	0.60	ND	0.90	0.66	5.80	2.30	1.83	ND	ND	1.58	1.37	1.35	ND	ND	0.85	0.33	0.76	ND	ND	2.05	4.24	3.81	1.91	22.93	25.65	ND	ND	10.37	19.28	ND	4.84	ND	ND	ND	24.93	ND	ND	ND	20.44	13.71	ND	ND	ND	ND	0.45	0.34	4.96	2.24	1.44	1.40	0.89	1.08	1.49	ND	0.84	0.84	0.86	ND	ND	ND	ND	ND	ND	ND	3.66	4.27	1.12	1.08	ND	ND	1.64	40.32	0.14	13.20	5.28	6.74	3.74	ND	3.78	4.78	14.99	ND	4.09	ND	0.13	2.85	23.90	13.25	7.48	ND	0.39	40.25	ND	ND	ND	ND	0.04	0.06	ND	ND	ND	ND	2.58	0.85	1.84	0.84	ND	0.82	0.36	0.73	ND	ND	ND	ND	ND	5.23	2.31	1.93	5.54	0.35	12.73	2.61	24.96	4.03	5.93	ND	4.21	1.56	ND	1.87	35.59	ND	ND	ND	12.03	ND	57.04	ND	14.45	ND	ND	ND	ND	ND	ND	ND	ND	0.35	0.09	0.09	0.16
JWL0167		0.05	0.17	0.02	0.01	ND	0.01	0.01	0.23	0.06	0.01	0.07	0.01	0.02	0.01	0.01	0.13	0.12	0.13	0.17	0.14	ND	0.03	0.02	0.02	ND	0.02	0.01	0.17	0.04	0.12	0.05	ND	0.09	0.07	ND	0.11	0.04	ND	ND	ND	ND	ND	0.01	0.01	ND	0.00	0.01	0.12	0.09	0.04	0.10	ND	0.06	ND	ND	0.04	0.04	0.02	0.02	0.03	0.01	ND	0.02	0.01	0.01	0.01	ND	ND	ND	0.09	0.08	0.13	0.06	0.07	0.03	0.02	0.05	ND	0.02	0.02	ND	0.01	0.00	0.01	ND	ND	0.00	0.00	ND	0.09	0.06	0.04	0.01	ND	0.01	0.01	0.01	ND	ND	0.00	ND	0.38	0.19	0.18	0.18	ND	ND	0.11	0.01	0.02	0.02	ND	ND	ND	ND	ND	0.79	0.13	ND	0.04	0.04	ND	ND	ND	ND	0.04	0.01	ND	0.02	0.01	ND	ND	ND	0.93	0.20	0.23	0.08	0.35	0.15	ND	0.27	0.07	0.07	0.01	0.06	ND	ND	ND	0.06	ND	ND	ND	ND	ND	0.75	0.35	0.26	0.08	0.09	0.07	ND	0.06	0.09	0.11	0.03	ND	0.07	ND	0.04	ND	0.02	0.04	0.05	1.10	0.39	0.80	0.59	ND	ND	0.70	0.81	0.23	0.11	0.06	ND	0.14	0.21	ND	ND	ND	0.15	ND	ND	0.01	ND	ND	0.44	0.22	0.33	0.11	0.14	0.11	0.39	0.46	ND	ND	ND	0.25	0.13	0.11	0.07	ND	0.04	ND	ND	ND	0.12	0.20	ND	ND	ND	0.02	1.01	2.49	ND	1.91	0.43	0.46	0.58	0.20	0.48	0.29	0.28	0.10	ND	ND	0.13	ND	1.00	ND	ND	ND	0.27	0.30	ND	ND	ND	ND	ND	ND	ND	0.13	0.04	0.05	0.34	0.12	0.30	0.24	0.10	0.34	0.18	0.20	0.08	ND	0.04	ND	ND	0.53	0.14	ND	0.52	0.66	1.25	0.27	2.82	0.82	0.89	0.21	0.29	0.24	ND	0.59	2.24	ND	ND	ND	0.52	ND	1.83	ND	0.91	ND	ND	ND	ND	0.04	0.02	0.01	0.01	0.02	0.04	0.03	0.02
JWL0168		ND	ND	ND	ND	0.01	0.00	ND	ND	0.01	ND	0.04	ND	ND	ND	ND	0.04	0.04	ND	ND	0.02	0.04	0.01	ND	0.00	ND	ND	ND	0.05	0.04	0.06	0.04	ND	ND	ND	ND	0.06	ND	ND	ND	ND	ND	0.02	ND	ND	ND	ND	0.00	0.05	0.04	ND	0.02	0.03	0.02	ND	0.01	ND	0.02	ND	0.01	ND	ND	0.02	ND	ND	ND	0.02	ND	ND	ND	ND	ND	ND	ND	ND	ND	0.20	ND	0.18	ND	ND	0.01	ND	0.01	ND	0.02	ND	ND	ND	0.07	ND	ND	ND	0.02	ND	0.06	0.04	0.04	ND	ND	0.01	0.00	0.08	0.06	ND	7.49	ND	ND	ND	0.14	0.70	ND	ND	0.04	0.01	ND	ND	ND	0.94	ND	ND	0.42	ND	ND	ND	ND	0.21	0.08	ND	0.05	ND	ND	0.03	0.01	0.20	ND	ND	ND	8.95	4.22	ND	6.31	ND	ND	0.50	0.25	ND	ND	ND	0.12	ND	ND	ND	ND	ND	0.23	0.09	1.14	0.64	0.56	ND	ND	1.00	0.99	2.11	ND	ND	0.48	ND	0.62	ND	0.20	ND	0.09	ND	ND	6.05	7.81	ND	ND	17.16	14.43	11.70	ND	ND	ND	ND	ND	0.39	ND	ND	0.79	ND	ND	ND	ND	0.08	0.09	0.08	1.85	2.56	0.90	1.03	3.45	3.56	2.34	ND	1.22	ND	3.68	0.90	ND	ND	ND	0.32	0.30	ND	ND	0.48	ND	ND	ND	0.01	0.60	10.88	3.41	31.95	11.20	ND	25.67	ND	ND	0.09	ND	0.59	0.66	0.51	1.53	0.24	2.33	ND	ND	2.88	2.17	0.65	ND	ND	ND	ND	0.05	0.05	ND	0.04	0.01	0.01	2.29	0.53	5.89	1.72	4.53	8.82	ND	ND	0.84	0.36	ND	0.31	0.42	1.88	0.77	0.72	ND	0.55	4.87	ND	30.51	34.74	0.10	2.92	2.34	1.75	ND	ND	2.99	0.07	5.20	3.86	7.02	5.44	ND	ND	2.79	1.11	ND	0.23	ND	0.06	ND	ND	0.01	0.39	0.25	0.14	ND
JWL0169		0.07	ND	ND	ND	ND	ND	ND	ND	0.43	ND	ND	ND	ND	ND	ND	0.21	0.36	ND	0.09	ND	0.11	0.13	ND	ND	ND	ND	ND	0.62	0.25	0.38	0.25	0.14	0.15	ND	ND	ND	ND	ND	ND	ND	ND	ND	ND	ND	ND	ND	0.23	0.48	0.46	ND	0.17	ND	ND	ND	ND	ND	ND	ND	ND	ND	ND	0.28	ND	ND	ND	0.30	ND	ND	ND	0.23	0.18	0.42	0.22	ND	ND	0.97	ND	0.88	0.28	ND	ND	ND	ND	ND	ND	ND	ND	ND	0.71	ND	ND	ND	0.37	ND	0.92	0.54	ND	0.26	0.42	0.24	ND	0.63	0.24	ND	14.48	ND	ND	ND	1.51	3.80	0.86	ND	0.21	0.27	ND	ND	0.96	7.83	ND	2.22	4.69	ND	ND	ND	ND	2.60	3.11	ND	1.93	ND	0.87	0.52	0.14	0.92	ND	ND	ND	17.50	10.92	ND	0.62	ND	0.43	6.58	3.72	ND	ND	ND	3.13	ND	ND	ND	ND	ND	0.85	0.54	28.94	14.31	10.30	ND	ND	ND	19.95	12.15	6.92	ND	7.37	ND	14.37	ND	4.03	ND	1.38	ND	ND	36.79	51.85	ND	ND	54.34	112.57	161.34	ND	ND	ND	ND	13.69	5.66	4.05	ND	17.55	ND	ND	ND	ND	ND	ND	ND	43.17	20.84	14.64	10.55	73.23	37.01	33.61	ND	16.06	ND	54.97	29.46	ND	ND	ND	10.53	8.66	7.75	ND	11.34	4.47	ND	ND	ND	ND	75.34	25.78	301.53	79.56	ND	512.68	ND	ND	ND	13.32	15.52	ND	29.05	21.08	ND	71.54	ND	ND	ND	29.32	18.74	ND	ND	6.93	ND	1.44	2.07	0.10	ND	ND	ND	53.44	ND	95.60	86.24	75.90	168.89	ND	ND	12.77	8.66	11.47	9.90	14.69	46.14	21.41	13.35	6.83	2.42	82.35	ND	348.50	532.28	ND	68.15	32.73	15.93	ND	ND	104.06	ND	40.03	ND	121.07	92.53	ND	1.13	53.03	31.09	ND	4.71	4.63	ND	ND	ND	ND	11.21	7.41	3.45	2.55
JWL0170		0.01	ND	ND	ND	ND	ND	ND	ND	ND	ND	ND	ND	ND	ND	ND	0.06	0.03	ND	0.02	ND	ND	ND	ND	ND	ND	ND	ND	ND	0.04	ND	ND	0.03	ND	ND	0.02	ND	ND	ND	ND	ND	ND	ND	ND	ND	ND	ND	ND	0.02	0.03	ND	ND	0.01	0.04	0.03	ND	ND	ND	ND	ND	ND	ND	0.03	ND	ND	ND	ND	ND	ND	ND	0.06	0.08	0.03	ND	0.03	ND	0.04	0.03	0.01	ND	ND	ND	ND	ND	ND	ND	ND	ND	ND	ND	0.03	0.08	0.05	0.03	0.02	0.06	0.01	ND	0.01	0.02	0.01	ND	0.17	0.06	ND	0.36	ND	0.15	0.10	0.08	0.12	0.04	ND	ND	0.00	ND	ND	ND	0.40	0.13	0.30	0.17	ND	ND	ND	0.04	0.09	0.12	ND	0.05	ND	0.01	0.02	0.00	0.30	ND	0.12	ND	1.48	0.77	ND	1.79	ND	0.38	0.32	0.11	ND	ND	ND	0.07	ND	ND	ND	ND	ND	0.25	0.07	3.08	0.76	0.72	0.79	ND	ND	0.59	0.75	0.33	ND	0.26	ND	0.63	ND	0.37	ND	ND	0.34	ND	3.70	12.39	ND	ND	5.25	8.83	4.95	ND	1.26	ND	ND	0.13	0.35	0.15	ND	0.39	ND	ND	ND	ND	ND	0.05	0.03	5.94	2.74	1.57	ND	4.86	7.02	3.30	0.07	ND	ND	3.48	1.27	ND	ND	0.75	0.63	0.59	ND	ND	0.12	0.38	0.10	ND	0.01	0.37	29.68	ND	32.81	9.70	ND	20.88	ND	ND	ND	0.75	1.15	0.63	1.60	ND	ND	0.91	1.03	0.28	ND	0.43	ND	ND	ND	0.63	ND	ND	ND	ND	ND	ND	ND	4.95	ND	14.76	6.49	3.51	17.59	ND	ND	1.64	1.13	ND	ND	0.48	2.55	0.77	0.29	ND	0.45	13.86	8.17	53.11	31.07	ND	4.66	2.48	2.28	ND	ND	4.06	3.14	1.66	1.37	6.92	0.13	ND	0.05	1.19	1.00	ND	ND	ND	ND	ND	ND	ND	1.58	0.58	0.87	ND
JWL0171		ND	0.84	0.10	0.03	0.04	0.05	0.05	1.32	0.37	0.49	0.10	0.11	0.14	0.01	0.12	0.62	0.56	0.60	0.78	0.98	ND	0.32	ND	0.17	ND	0.08	0.07	1.14	0.47	0.25	0.47	0.45	0.28	0.36	ND	0.73	0.20	0.01	ND	ND	0.03	ND	0.05	0.04	ND	0.02	ND	0.51	0.39	0.45	0.42	0.37	0.13	0.33	ND	0.42	0.20	0.14	0.00	0.15	ND	ND	0.04	0.03	0.01	ND	0.00	ND	ND	0.37	0.38	0.45	0.32	0.30	0.15	ND	0.31	ND	0.15	0.13	ND	0.13	ND	ND	ND	ND	0.06	0.03	ND	0.19	0.17	0.10	0.03	ND	0.03	0.02	ND	ND	ND	0.01	ND	0.59	0.74	0.01	0.17	0.28	0.13	0.21	0.03	0.06	0.13	ND	ND	ND	ND	ND	1.42	0.31	0.07	0.13	ND	ND	ND	0.11	ND	0.08	0.04	ND	0.07	ND	0.02	ND	ND	0.91	0.27	0.32	0.56	0.96	0.34	0.08	0.27	0.05	0.12	0.09	ND	ND	ND	ND	ND	ND	ND	ND	ND	ND	0.95	0.44	0.93	0.18	0.22	ND	ND	ND	0.26	0.11	0.07	ND	0.11	ND	0.12	ND	ND	ND	ND	1.08	0.63	1.36	1.71	ND	ND	1.07	2.55	1.56	0.03	0.06	ND	0.03	0.02	0.04	0.02	ND	0.01	0.01	ND	0.07	ND	ND	0.63	0.40	1.34	0.73	0.28	ND	0.88	0.49	0.24	ND	0.23	0.21	0.39	0.18	ND	ND	ND	0.03	0.02	0.03	ND	ND	ND	ND	ND	ND	2.52	5.17	0.02	8.15	ND	ND	8.27	ND	ND	ND	0.12	0.13	ND	0.19	ND	0.09	0.16	0.06	ND	ND	0.04	ND	ND	ND	0.01	ND	ND	ND	ND	0.38	0.08	ND	1.11	0.31	1.79	1.35	0.93	1.71	ND	ND	0.09	0.08	ND	0.05	ND	0.16	ND	ND	ND	2.62	4.43	ND	16.84	13.20	0.11	0.76	0.31	ND	ND	1.03	0.74	0.25	ND	ND	0.38	0.13	0.25	ND	0.08	0.07	ND	ND	ND	0.25	0.09	0.09	ND	0.18	0.22	ND	0.07
JWL0172		0.03	ND	0.02	0.01	0.01	0.01	0.01	ND	0.11	ND	0.26	ND	ND	ND	0.06	0.40	0.17	ND	0.31	ND	ND	ND	0.04	ND	0.03	ND	ND	0.06	0.27	0.13	ND	0.21	0.26	ND	0.06	0.37	ND	ND	ND	ND	ND	0.10	ND	ND	ND	ND	ND	0.19	0.20	0.14	0.09	0.08	0.10	ND	ND	ND	ND	0.08	0.21	0.08	0.02	0.11	ND	ND	ND	0.06	ND	ND	ND	ND	0.10	0.17	0.07	0.10	ND	0.30	0.13	0.13	0.09	ND	ND	0.06	0.04	ND	0.07	0.06	ND	ND	0.32	ND	ND	ND	0.11	ND	0.32	0.08	ND	ND	0.21	0.03	ND	0.38	0.17	ND	4.79	ND	ND	ND	0.55	0.94	0.18	ND	0.10	0.04	ND	ND	0.71	1.89	ND	0.79	0.80	0.45	ND	ND	ND	0.66	1.08	ND	0.46	ND	0.33	0.11	0.02	0.81	ND	ND	ND	5.28	3.59	ND	14.61	ND	ND	2.42	0.90	ND	ND	ND	0.50	ND	ND	ND	ND	ND	0.62	0.24	8.80	3.00	3.33	2.00	ND	ND	4.58	3.36	1.75	ND	2.44	ND	4.98	ND	ND	ND	0.60	0.44	0.13	21.19	16.72	ND	ND	29.02	52.02	60.89	ND	ND	ND	ND	1.65	3.87	1.17	ND	1.51	2.69	ND	ND	ND	ND	0.29	0.19	16.40	6.84	3.54	3.77	25.08	20.55	11.66	ND	ND	ND	20.45	7.39	ND	ND	ND	3.17	2.87	2.46	ND	0.76	2.10	0.96	ND	0.10	0.85	37.82	13.03	141.71	45.23	ND	197.14	ND	ND	ND	ND	8.42	4.58	8.50	1.99	ND	11.23	5.51	2.53	ND	5.18	1.39	ND	ND	6.17	ND	ND	0.65	0.01	0.12	0.05	0.05	14.26	4.15	53.16	27.99	22.05	64.20	ND	ND	5.55	3.78	ND	3.08	ND	12.01	6.60	3.50	ND	1.05	36.64	ND	181.26	236.72	ND	28.12	8.50	4.23	ND	ND	20.84	5.65	15.00	ND	40.95	18.44	ND	ND	8.57	13.40	ND	1.03	1.05	0.16	ND	0.06	ND	4.87	2.91	1.44	ND
JWL0173		ND	ND	ND	ND	ND	ND	ND	0.00	ND	ND	0.00	0.01	ND	0.01	ND	ND	ND	0.03	0.04	0.01	ND	ND	0.01	ND	ND	ND	ND	ND	ND	ND	ND	ND	ND	ND	ND	ND	ND	ND	ND	ND	ND	0.00	ND	ND	ND	ND	ND	0.02	0.01	ND	0.03	0.01	ND	ND	ND	ND	ND	ND	ND	ND	ND	0.02	ND	ND	ND	0.02	ND	ND	0.01	ND	ND	ND	ND	ND	ND	0.08	ND	0.04	0.03	ND	ND	ND	ND	ND	ND	ND	ND	ND	0.05	ND	ND	ND	ND	ND	ND	ND	0.03	ND	ND	0.01	0.01	ND	ND	ND	5.36	ND	ND	ND	ND	0.25	ND	ND	ND	ND	ND	ND	ND	0.77	ND	0.17	0.21	ND	ND	ND	ND	0.26	ND	ND	ND	0.10	ND	ND	ND	0.20	ND	ND	ND	14.83	ND	ND	4.06	ND	ND	ND	1.85	ND	ND	ND	7.32	ND	ND	ND	ND	ND	0.10	0.04	3.66	ND	1.47	ND	ND	ND	0.43	0.60	ND	ND	0.44	ND	0.24	ND	0.09	0.07	0.75	0.16	0.06	9.71	27.76	ND	ND	5.23	16.05	ND	11.42	ND	ND	ND	4.13	1.38	ND	ND	2.18	9.35	ND	ND	ND	ND	0.04	0.03	5.09	1.95	4.19	ND	1.71	4.17	1.26	ND	ND	ND	1.09	0.39	ND	ND	0.29	ND	0.32	ND	1.00	1.33	0.32	0.38	ND	ND	0.19	40.84	0.08	38.15	ND	0.10	4.87	3.30	5.50	1.56	15.77	ND	ND	ND	0.12	ND	35.77	ND	ND	ND	15.70	ND	ND	ND	ND	ND	3.17	0.06	ND	ND	ND	ND	5.47	ND	9.84	2.45	ND	3.03	0.67	1.13	ND	ND	ND	ND	ND	4.99	1.28	1.49	ND	0.18	24.40	ND	41.00	10.71	7.76	ND	3.19	9.19	ND	ND	54.63	ND	ND	ND	31.86	14.74	0.08	0.08	ND	14.27	ND	ND	3.26	ND	ND	ND	ND	0.59	0.84	0.31	ND
JWL0174		ND	ND	ND	ND	ND	ND	ND	ND	0.03	ND	ND	ND	ND	ND	ND	ND	ND	0.48	0.22	0.13	ND	ND	0.81	ND	0.29	ND	ND	1.22	ND	ND	ND	ND	ND	ND	ND	ND	ND	ND	0.27	0.03	2.28	ND	ND	ND	0.10	ND	0.02	3.19	1.25	ND	ND	ND	ND	ND	3.57	ND	ND	ND	ND	ND	ND	0.29	ND	ND	ND	ND	0.58	0.16	ND	2.11	0.85	ND	ND	ND	7.57	5.52	2.86	ND	2.68	ND	0.37	ND	0.43	0.13	0.42	0.25	ND	ND	0.41	ND	ND	ND	0.19	0.66	0.64	0.21	ND	0.16	0.22	0.17	0.03	1.43	0.41	ND	4.94	6.49	6.93	4.80	7.88	4.48	2.62	ND	0.97	ND	0.28	0.15	ND	0.70	1.39	1.49	1.25	2.14	ND	ND	0.96	1.11	1.05	ND	0.35	ND	0.59	0.44	0.12	0.99	0.44	ND	15.32	8.49	34.22	14.05	6.89	ND	3.34	2.97	2.43	ND	1.20	1.92	1.22	1.03	0.71	0.75	1.00	0.40	0.60	0.36	5.22	6.97	3.15	10.40	ND	ND	4.70	3.18	5.83	2.12	2.56	2.16	5.58	2.47	2.50	ND	ND	1.23	0.91	68.37	14.16	ND	37.86	78.45	37.74	23.48	3.32	19.55	ND	ND	3.26	4.48	4.54	1.66	2.18	6.07	ND	ND	1.22	ND	0.43	0.23	39.62	ND	ND	9.07	31.84	21.43	14.13	19.97	ND	ND	17.30	17.65	6.12	5.48	3.82	6.32	4.83	4.39	ND	ND	6.75	ND	0.90	ND	2.38	100.34	ND	175.54	148.30	ND	130.26	24.38	ND	ND	ND	22.76	13.72	ND	ND	7.80	12.73	17.59	10.58	ND	15.85	ND	9.73	ND	ND	7.60	ND	ND	ND	0.27	0.09	0.13	52.85	ND	94.77	75.44	36.75	82.21	42.53	29.48	13.00	14.80	9.38	8.58	ND	3.38	ND	ND	0.37	3.28	111.74	ND	442.74	382.94	ND	18.66	32.62	5.87	26.59	ND	21.93	54.22	12.53	20.76	74.78	43.19	ND	ND	14.54	30.55	15.81	11.14	ND	0.14	ND	0.10	0.04	10.03	9.40	ND	ND
JWL0175		ND	ND	ND	ND	ND	ND	ND	ND	ND	ND	ND	ND	ND	ND	ND	ND	0.03	ND	ND	0.03	0.07	ND	0.81	ND	ND	ND	ND	ND	ND	ND	ND	ND	0.16	ND	0.05	ND	ND	ND	0.27	ND	2.56	ND	ND	ND	ND	ND	0.01	ND	ND	ND	ND	ND	ND	ND	ND	ND	ND	ND	ND	ND	ND	0.04	ND	ND	ND	0.01	ND	ND	0.05	ND	ND	ND	ND	ND	0.02	0.05	ND	0.08	0.06	ND	ND	ND	ND	ND	ND	ND	ND	ND	0.19	ND	ND	ND	ND	ND	ND	ND	0.10	ND	ND	0.01	ND	0.39	0.19	ND	1.77	ND	ND	0.62	0.17	0.47	ND	ND	ND	0.04	ND	ND	ND	0.45	ND	0.31	0.49	0.86	0.25	ND	ND	0.45	ND	ND	ND	0.27	ND	0.06	ND	1.17	ND	ND	ND	4.83	7.54	1.11	4.39	0.95	1.09	0.60	0.44	ND	ND	0.15	0.76	ND	ND	ND	ND	ND	0.49	0.32	2.14	4.61	2.86	3.47	ND	ND	1.38	3.93	1.47	ND	1.18	0.81	0.94	0.35	0.61	0.55	ND	1.10	ND	55.56	ND	ND	ND	34.68	16.61	6.40	4.03	2.58	ND	5.24	2.27	2.10	1.68	ND	1.58	1.82	ND	0.11	0.25	0.08	0.92	ND	38.00	ND	11.61	8.58	17.28	13.08	19.62	5.65	ND	ND	9.25	7.13	5.44	ND	ND	1.84	1.59	0.88	ND	1.67	0.58	1.39	ND	0.12	2.01	138.82	ND	168.21	101.13	ND	80.98	26.44	ND	ND	6.75	10.37	4.96	6.99	2.33	3.47	37.62	ND	ND	ND	9.68	2.30	ND	ND	2.14	ND	0.92	ND	0.02	ND	ND	ND	86.47	ND	123.02	68.03	ND	74.87	24.81	26.51	8.82	11.40	6.07	ND	ND	10.98	4.93	4.17	ND	1.40	125.67	ND	406.42	222.98	81.67	17.66	30.09	8.70	23.64	ND	79.97	17.95	ND	18.85	80.25	35.34	ND	ND	25.39	12.94	ND	1.97	1.81	ND	ND	ND	ND	9.90	13.85	2.88	ND
JWL0176		ND	ND	ND	ND	ND	ND	ND	ND	0.04	ND	ND	ND	ND	ND	ND	ND	ND	1.69	ND	ND	0.81	ND	1.50	ND	0.69	ND	ND	2.04	ND	ND	ND	ND	ND	ND	ND	0.09	ND	0.15	0.39	0.11	4.27	ND	ND	ND	ND	ND	ND	7.52	ND	ND	ND	ND	ND	ND	17.53	ND	ND	ND	ND	ND	0.25	ND	0.20	ND	0.25	ND	0.91	0.75	ND	ND	2.02	ND	1.19	ND	43.27	0.15	ND	ND	ND	ND	0.60	0.39	0.54	0.46	ND	ND	ND	ND	ND	ND	0.79	ND	3.48	1.74	ND	ND	ND	1.50	ND	ND	0.03	ND	1.81	ND	ND	17.89	18.14	ND	26.72	ND	ND	1.01	ND	ND	0.36	0.66	ND	ND	10.01	2.27	ND	ND	ND	ND	3.38	0.69	1.07	2.69	ND	ND	1.01	ND	ND	0.33	1.43	ND	67.66	ND	ND	109.87	ND	ND	ND	0.73	0.85	3.06	1.63	0.90	ND	1.45	2.18	0.63	1.28	1.45	ND	ND	3.84	2.48	1.60	4.41	4.14	ND	2.70	ND	2.47	6.73	ND	1.32	1.31	ND	ND	ND	ND	0.42	0.33	21.29	ND	27.40	125.47	36.68	ND	8.38	2.63	4.18	6.01	ND	ND	1.00	1.57	2.03	ND	2.60	8.90	ND	3.56	2.17	ND	ND	23.86	ND	ND	ND	19.04	6.73	4.28	9.13	ND	ND	3.34	9.24	2.10	1.96	ND	1.36	0.88	0.70	0.35	ND	1.33	ND	1.33	ND	0.65	53.94	ND	98.03	46.61	ND	59.17	5.89	ND	ND	ND	7.74	4.52	ND	5.50	ND	3.42	ND	ND	2.94	5.34	ND	14.32	9.90	ND	15.07	ND	ND	0.01	ND	ND	ND	15.31	3.81	21.79	24.71	10.84	26.83	13.76	6.21	2.07	2.52	3.26	3.31	4.07	0.69	3.52	2.04	2.48	0.56	62.48	ND	197.74	183.65	ND	3.61	5.68	3.38	10.25	ND	10.12	15.94	0.11	6.28	15.46	6.70	13.97	10.97	ND	9.36	40.93	1.71	0.83	0.04	ND	0.02	0.01	1.85	1.73	0.41	ND
JWL0177		ND	ND	0.02	ND	0.01	ND	ND	ND	0.04	ND	0.05	ND	ND	ND	ND	0.09	0.14	0.20	ND	ND	0.40	0.02	ND	ND	ND	ND	ND	0.32	ND	0.12	ND	ND	0.12	ND	ND	0.12	ND	0.11	0.03	0.05	ND	ND	ND	ND	0.02	ND	ND	0.75	0.27	ND	ND	0.19	ND	ND	3.27	ND	ND	ND	ND	ND	ND	0.12	ND	ND	ND	ND	0.25	0.18	ND	0.17	0.36	ND	ND	ND	8.68	1.85	1.91	ND	ND	ND	0.17	0.06	0.14	0.06	0.04	ND	ND	0.02	0.15	ND	ND	ND	0.33	0.75	0.21	ND	ND	0.22	0.06	0.04	0.01	0.34	0.19	ND	13.45	5.72	ND	ND	3.66	1.70	0.74	0.16	ND	ND	0.13	0.24	0.41	0.87	1.15	ND	ND	0.62	0.71	ND	0.50	0.20	0.33	0.48	0.19	ND	0.03	0.12	ND	1.02	ND	ND	14.62	5.40	3.89	20.61	4.76	ND	ND	0.81	0.66	0.36	0.29	0.18	0.36	0.33	0.14	0.80	0.21	0.39	0.40	0.10	1.88	0.67	1.19	1.67	2.06	ND	0.93	0.86	1.00	2.00	ND	ND	0.36	ND	ND	ND	0.20	0.99	ND	12.80	6.68	6.41	57.20	21.31	ND	2.74	1.22	1.84	1.99	1.85	ND	0.45	ND	1.54	2.73	0.92	2.83	ND	1.58	0.66	0.27	0.11	6.06	1.31	1.25	1.70	5.51	2.71	2.53	4.95	ND	ND	1.45	2.39	0.89	0.88	ND	0.43	0.41	0.40	ND	1.41	ND	ND	0.62	ND	0.97	21.42	ND	35.96	26.48	ND	26.24	2.04	ND	ND	1.34	1.84	1.49	ND	4.17	ND	7.39	ND	ND	3.33	4.06	2.69	5.20	2.81	ND	3.17	ND	ND	ND	0.09	0.04	0.04	7.62	ND	9.78	12.91	5.68	9.70	5.29	2.46	1.45	1.58	0.96	0.91	ND	3.72	2.23	1.56	0.53	0.74	19.13	ND	81.30	77.86	0.14	7.26	2.99	4.45	2.02	ND	13.20	0.14	0.08	7.65	13.33	7.93	4.41	ND	0.21	5.09	11.24	0.98	1.05	0.04	0.01	0.01	0.01	0.96	0.96	0.34	ND
JWL0178		0.01	ND	0.01	ND	0.02	ND	ND	ND	0.02	ND	0.07	ND	ND	ND	ND	0.06	0.14	0.04	ND	0.23	0.41	0.01	ND	ND	ND	ND	ND	0.37	0.05	0.12	ND	ND	0.17	ND	ND	0.05	ND	0.13	0.06	0.07	0.98	ND	ND	ND	0.03	ND	ND	2.76	ND	ND	ND	ND	ND	ND	6.75	ND	ND	ND	ND	ND	ND	0.23	ND	ND	ND	ND	0.45	0.37	ND	ND	0.97	ND	ND	ND	19.92	ND	ND	ND	ND	ND	0.31	0.17	0.22	0.15	ND	ND	ND	0.03	0.25	ND	ND	ND	1.33	0.80	ND	ND	ND	0.79	ND	0.08	ND	0.13	0.52	ND	ND	7.18	6.62	ND	12.64	ND	ND	0.80	ND	ND	ND	0.24	ND	0.94	2.22	ND	ND	0.52	0.87	ND	1.54	0.33	0.69	0.68	0.30	ND	0.53	ND	0.06	0.43	0.12	ND	31.04	ND	ND	33.04	ND	ND	ND	0.55	0.38	1.44	0.78	0.54	ND	0.91	0.84	ND	ND	0.57	0.19	0.08	2.66	1.65	0.91	1.36	1.59	ND	2.15	ND	1.16	2.79	ND	0.89	0.60	1.39	ND	ND	ND	0.16	0.08	9.12	2.96	8.46	77.78	16.50	ND	5.62	ND	2.63	3.39	1.26	0.93	1.24	0.56	0.58	ND	ND	5.63	ND	2.38	1.07	0.10	0.10	11.65	3.01	ND	ND	9.49	3.18	3.52	3.66	ND	3.39	4.28	7.07	ND	ND	ND	1.24	1.02	0.96	ND	0.70	0.80	0.25	0.73	ND	0.56	28.57	ND	56.08	25.53	ND	51.31	3.01	ND	ND	1.60	3.78	1.31	ND	ND	1.04	1.57	2.36	ND	1.61	3.44	ND	5.70	4.75	ND	8.10	ND	ND	ND	0.09	0.03	0.04	12.58	ND	17.10	19.44	12.08	28.57	7.28	ND	4.34	1.92	1.34	1.63	1.96	4.85	4.85	2.47	ND	0.96	26.85	ND	122.22	144.25	ND	11.15	3.22	4.22	7.99	ND	8.44	8.33	6.34	5.40	13.30	5.38	ND	12.97	15.12	7.68	15.97	1.58	0.81	ND	ND	ND	ND	1.33	1.02	0.77	ND
JWL0179		0.00	0.00	0.01	ND	ND	0.00	ND	0.01	0.03	ND	0.03	ND	ND	ND	0.00	0.02	0.05	ND	ND	0.03	0.08	ND	0.02	0.01	0.01	0.00	0.00	0.01	0.05	0.03	ND	0.04	0.04	ND	0.01	0.07	0.02	ND	ND	ND	ND	ND	0.01	0.00	ND	0.00	ND	0.04	0.02	0.03	ND	0.02	0.02	0.02	0.06	0.04	0.02	0.01	ND	ND	ND	0.01	ND	ND	ND	ND	0.01	0.01	ND	0.03	0.05	0.02	0.01	0.03	0.17	0.06	0.06	ND	ND	ND	ND	0.01	0.00	ND	0.00	0.01	0.00	0.00	0.04	ND	ND	ND	0.02	0.01	0.01	0.01	ND	0.01	ND	0.00	ND	0.07	0.09	0.04	0.07	0.12	0.25	0.06	0.18	ND	ND	0.01	ND	ND	ND	ND	0.13	0.05	0.06	0.03	ND	0.03	0.02	0.01	0.03	0.01	0.04	0.01	0.01	ND	ND	0.00	ND	0.16	0.08	0.04	1.29	0.30	ND	1.74	0.03	ND	ND	0.04	0.01	0.02	0.01	0.01	0.01	ND	0.02	ND	ND	0.00	0.14	0.06	0.18	0.06	0.05	0.10	0.05	ND	0.18	0.06	0.16	0.09	0.06	ND	0.10	0.08	0.04	ND	ND	0.20	0.11	0.71	0.52	0.41	3.30	1.44	1.63	0.86	ND	0.35	ND	ND	ND	0.04	0.03	0.02	0.01	ND	0.04	0.15	ND	ND	0.08	0.05	0.73	0.21	ND	ND	0.77	0.36	ND	0.33	ND	0.04	0.34	0.25	ND	0.17	ND	ND	ND	ND	ND	ND	ND	ND	ND	ND	0.36	2.98	ND	8.70	2.11	ND	6.47	ND	ND	ND	ND	0.42	0.20	ND	ND	ND	0.05	0.19	0.09	0.11	0.16	ND	0.11	ND	ND	ND	ND	ND	0.00	0.06	ND	ND	0.35	0.12	1.00	1.69	0.58	1.30	0.80	0.39	0.33	0.38	ND	ND	0.13	0.23	0.08	0.05	0.07	0.31	2.06	ND	19.66	10.98	ND	0.72	0.36	ND	0.51	0.26	0.51	0.75	0.22	ND	0.64	0.31	0.43	0.07	0.03	0.23	0.43	ND	ND	ND	ND	ND	ND	0.05	0.04	0.02	ND
JWL0180		0.01	ND	0.00	0.00	0.00	ND	0.00	0.01	0.01	ND	0.03	ND	ND	ND	ND	0.00	0.08	ND	ND	ND	ND	ND	ND	ND	ND	ND	ND	0.01	0.05	ND	ND	0.04	0.04	ND	0.01	0.04	0.02	0.01	ND	ND	0.01	0.01	ND	ND	ND	ND	ND	0.01	ND	0.03	ND	ND	0.03	0.03	0.07	0.03	0.01	0.01	ND	ND	ND	0.02	ND	ND	ND	ND	0.01	0.01	ND	0.04	0.02	0.04	0.03	0.02	0.26	0.07	0.07	ND	ND	ND	0.01	0.01	ND	ND	ND	ND	0.01	ND	0.06	ND	ND	ND	0.02	0.03	ND	ND	ND	0.01	ND	0.00	ND	0.15	0.07	0.04	0.66	0.32	0.21	ND	0.17	0.05	0.05	0.01	ND	ND	ND	ND	0.21	0.06	0.07	0.02	0.02	0.02	0.02	0.01	0.02	0.01	0.01	0.01	0.01	ND	ND	ND	ND	0.50	ND	ND	1.34	0.51	0.31	1.36	0.41	ND	ND	0.05	0.04	ND	0.02	0.01	0.03	ND	0.01	ND	ND	ND	0.21	0.09	0.18	ND	0.08	0.10	0.10	0.04	0.11	0.08	0.10	0.16	0.05	ND	0.05	ND	ND	ND	ND	0.30	0.15	1.49	1.17	0.50	5.32	3.37	ND	0.76	ND	0.23	ND	ND	0.03	0.03	ND	0.04	0.18	ND	ND	0.29	ND	ND	0.13	0.07	0.69	0.23	ND	ND	0.54	0.17	0.20	0.37	ND	0.17	0.21	0.20	ND	0.06	ND	ND	ND	0.11	ND	0.04	ND	ND	ND	0.00	0.55	3.71	ND	5.97	3.54	ND	1.91	1.04	0.52	0.42	0.12	0.17	0.13	ND	0.29	ND	0.78	ND	ND	ND	0.14	0.14	0.08	0.03	ND	0.08	ND	ND	ND	0.09	0.02	ND	0.63	ND	0.92	1.03	0.40	1.09	0.34	ND	0.21	0.22	ND	ND	ND	ND	ND	ND	0.14	0.55	2.60	ND	14.24	10.55	ND	0.34	0.31	0.22	0.28	0.81	1.17	ND	0.33	0.48	0.57	0.42	0.60	ND	0.42	0.03	0.27	ND	ND	ND	ND	ND	ND	ND	ND	ND	ND
JWL0181		0.00	0.01	0.05	0.03	ND	0.02	0.01	0.01	0.13	0.00	0.09	ND	0.04	0.02	0.03	0.19	0.17	0.01	ND	0.08	0.09	0.04	0.03	0.08	0.00	0.01	0.01	0.01	0.09	0.15	0.05	0.06	0.05	0.06	ND	0.21	0.09	0.04	ND	ND	ND	ND	0.01	0.01	ND	0.00	ND	0.03	0.02	0.07	0.06	0.06	0.02	0.02	0.01	0.12	0.08	0.03	0.02	0.10	0.02	ND	ND	ND	ND	ND	ND	ND	0.01	ND	0.10	0.10	ND	0.07	0.06	0.02	0.10	ND	0.04	0.02	ND	0.04	ND	ND	ND	ND	0.01	0.01	ND	ND	ND	ND	0.01	0.00	0.00	0.00	ND	ND	ND	ND	ND	0.11	0.10	0.09	0.00	0.09	0.10	0.08	0.07	ND	0.04	ND	ND	0.00	ND	ND	0.12	0.03	0.03	0.01	ND	0.01	0.01	0.01	0.01	0.00	0.01	0.00	0.00	ND	ND	ND	ND	0.28	0.12	ND	0.69	0.01	0.15	0.44	0.10	ND	ND	0.02	ND	0.01	ND	0.01	0.00	0.00	0.00	ND	ND	ND	0.13	0.06	0.08	0.03	0.03	0.03	0.03	ND	0.06	0.02	0.05	0.04	0.02	ND	0.03	0.01	ND	0.01	ND	0.27	0.17	0.53	0.21	0.12	1.50	0.53	0.55	0.21	ND	0.06	0.05	ND	0.01	0.01	0.00	ND	0.01	ND	ND	ND	ND	ND	0.08	0.05	0.31	0.10	ND	ND	0.30	0.13	ND	0.13	ND	0.06	0.09	0.06	ND	0.04	ND	ND	ND	ND	ND	ND	ND	ND	ND	ND	0.43	2.03	ND	3.22	1.17	ND	1.83	ND	ND	ND	ND	0.05	0.02	0.02	0.03	0.02	0.03	0.04	ND	0.06	ND	0.02	0.03	0.03	ND	0.03	ND	ND	ND	0.04	0.01	ND	0.19	0.06	0.32	0.44	0.15	0.38	0.16	0.08	0.06	0.06	ND	0.05	ND	0.09	0.03	ND	0.02	0.33	1.25	ND	7.63	3.76	ND	ND	0.13	ND	0.12	0.56	0.37	ND	0.14	ND	0.24	0.10	0.07	ND	ND	0.02	0.16	ND	ND	0.02	0.00	ND	0.00	0.03	0.04	ND	ND
JWL0185		0.00	ND	ND	ND	ND	ND	ND	0.01	0.01	ND	0.05	ND	ND	ND	ND	ND	0.06	ND	ND	ND	0.15	ND	0.42	0.20	0.14	ND	ND	ND	0.08	ND	ND	0.08	0.08	ND	0.03	0.05	ND	0.05	ND	ND	0.57	0.02	ND	ND	ND	ND	ND	0.27	ND	ND	ND	ND	0.19	0.12	0.59	ND	ND	ND	ND	ND	ND	0.07	ND	ND	ND	ND	0.12	0.03	ND	0.08	0.37	ND	ND	ND	1.32	1.01	0.56	ND	ND	ND	0.11	ND	0.19	ND	0.06	0.09	ND	ND	0.18	ND	ND	ND	0.34	0.17	0.32	ND	ND	0.16	0.09	ND	0.01	0.12	0.26	ND	ND	2.04	4.31	ND	5.02	ND	ND	0.10	0.15	ND	0.09	0.03	0.17	0.76	0.65	0.65	ND	0.51	0.25	0.16	0.47	0.41	0.70	0.26	0.48	ND	ND	ND	0.03	0.26	0.06	ND	4.76	1.55	ND	13.11	5.82	ND	ND	2.06	0.54	0.59	ND	0.69	0.21	0.17	0.27	0.12	0.15	0.02	0.25	0.09	2.72	1.85	0.57	2.40	ND	ND	3.87	ND	3.96	1.49	0.05	1.44	3.01	1.87	1.24	ND	ND	0.34	0.14	6.63	5.43	ND	18.32	16.24	27.01	19.06	1.83	5.93	ND	ND	0.45	1.36	0.74	0.42	ND	1.67	0.75	0.76	0.40	ND	0.18	0.12	12.54	ND	ND	ND	21.10	6.53	ND	9.61	ND	ND	7.09	7.54	ND	4.61	ND	2.34	2.20	2.17	ND	0.37	1.47	ND	0.70	ND	0.50	21.98	ND	119.79	25.33	ND	98.68	6.35	ND	ND	ND	7.74	3.70	2.56	ND	ND	2.41	6.05	1.31	1.42	1.44	0.55	2.36	1.38	1.49	1.53	ND	ND	ND	0.06	0.03	0.03	7.24	1.69	18.30	40.72	0.12	17.73	18.69	10.23	2.90	2.94	4.16	3.93	5.22	0.89	1.24	1.25	2.32	0.62	20.31	ND	201.01	132.37	ND	20.47	7.25	1.45	0.15	ND	ND	9.46	11.85	6.56	18.31	7.89	ND	ND	5.71	2.93	5.90	0.92	0.41	0.05	0.01	0.02	ND	2.53	1.27	ND	ND
JWL0188		0.01	ND	ND	ND	ND	ND	ND	0.01	0.01	ND	ND	ND	ND	ND	ND	ND	ND	0.42	ND	1.07	ND	ND	1.51	ND	1.08	ND	ND	1.70	ND	ND	ND	ND	ND	ND	ND	ND	ND	0.38	ND	0.32	7.61	ND	ND	ND	0.12	ND	ND	8.59	ND	ND	ND	ND	ND	ND	16.29	ND	ND	ND	ND	ND	0.27	ND	0.38	ND	0.53	ND	1.32	0.63	ND	ND	4.40	ND	ND	ND	28.15	10.98	7.19	ND	ND	ND	0.66	0.62	0.94	0.40	ND	ND	ND	ND	ND	ND	1.29	ND	4.18	2.57	ND	ND	ND	1.72	ND	0.16	0.02	ND	3.38	ND	ND	25.88	27.02	ND	37.06	ND	ND	1.48	ND	ND	ND	0.51	0.57	2.87	9.39	ND	ND	2.00	3.24	ND	4.42	ND	2.31	3.60	0.90	ND	ND	ND	ND	0.81	1.88	ND	59.40	ND	ND	109.12	ND	ND	ND	1.50	1.40	3.75	1.83	1.04	ND	2.27	1.51	0.69	1.59	1.16	0.55	0.24	7.05	3.40	2.87	8.53	6.37	ND	4.44	2.26	6.49	8.91	ND	ND	ND	4.82	ND	ND	ND	0.48	0.28	30.49	8.16	35.65	190.81	56.92	ND	18.15	3.67	5.63	8.38	ND	ND	2.37	ND	6.76	ND	ND	11.05	ND	3.99	2.91	ND	ND	39.40	ND	ND	ND	37.30	13.57	ND	23.00	ND	0.17	4.62	17.83	4.50	ND	ND	3.49	1.89	1.69	ND	2.66	2.08	ND	2.34	ND	1.35	106.96	ND	185.63	86.49	ND	141.65	10.04	ND	ND	7.67	21.07	ND	ND	4.94	ND	6.44	8.33	ND	5.41	6.43	ND	23.31	10.65	ND	21.08	ND	ND	0.06	ND	ND	ND	29.78	6.72	45.19	55.91	24.19	70.50	22.32	ND	5.19	7.79	6.06	5.68	5.72	10.02	7.87	4.43	3.09	1.44	104.69	ND	383.13	415.47	ND	13.92	15.19	8.66	24.47	ND	27.80	8.73	9.33	14.49	35.76	12.62	13.58	21.57	26.98	0.57	51.68	ND	ND	ND	ND	ND	ND	3.23	2.41	0.73	ND
JWL0189		0.26	0.12	0.04	0.02	0.02	0.01	0.01	0.11	0.32	0.04	0.02	0.07	ND	0.02	0.06	0.34	0.31	0.00	0.29	ND	ND	0.09	ND	ND	ND	0.04	0.04	0.14	0.23	0.22	0.13	0.06	ND	0.06	ND	ND	ND	ND	ND	ND	ND	ND	0.02	0.01	ND	0.02	ND	0.10	0.07	0.14	0.07	0.05	0.09	ND	ND	ND	ND	ND	ND	ND	ND	ND	0.02	0.01	0.01	ND	ND	ND	ND	0.07	0.10	0.08	0.04	0.08	0.01	0.00	0.01	0.00	ND	0.00	ND	0.00	0.00	ND	0.00	0.00	0.00	ND	ND	0.10	0.10	0.06	0.01	ND	0.01	0.01	ND	ND	ND	ND	ND	0.43	0.23	0.13	0.05	ND	0.02	0.02	0.01	0.02	0.01	ND	0.00	ND	ND	ND	0.88	0.09	ND	0.03	ND	ND	ND	0.02	ND	0.02	0.01	ND	0.02	ND	0.00	ND	ND	0.75	0.16	0.17	ND	0.26	ND	0.02	0.07	ND	0.02	0.02	ND	ND	ND	ND	ND	ND	ND	ND	ND	ND	0.62	0.25	0.21	ND	ND	ND	ND	0.06	0.09	0.03	ND	ND	0.05	ND	0.02	ND	ND	ND	ND	2.39	0.59	0.15	0.23	ND	ND	0.13	0.24	0.09	ND	ND	ND	0.02	0.00	0.00	0.00	ND	ND	ND	ND	ND	ND	ND	0.38	0.26	0.09	0.09	0.04	0.02	0.08	0.06	ND	ND	0.04	0.03	0.04	0.01	ND	ND	ND	ND	ND	ND	ND	ND	ND	ND	ND	ND	1.48	0.52	ND	0.29	ND	0.10	0.12	ND	0.08	ND	ND	ND	ND	0.04	ND	ND	ND	ND	ND	ND	ND	0.00	ND	ND	ND	ND	ND	ND	ND	0.16	0.03	ND	0.06	0.02	0.03	0.03	0.03	0.02	0.01	0.01	ND	ND	ND	ND	ND	ND	ND	ND	0.01	0.96	0.25	ND	0.72	0.23	0.13	0.01	ND	0.01	ND	0.20	0.04	ND	ND	ND	ND	ND	0.07	ND	ND	ND	ND	ND	ND	0.06	0.04	ND	0.02	0.00	0.01	ND	ND
JWL0190		0.00	0.05	0.00	0.00	0.00	0.00	0.00	0.06	0.02	0.06	ND	0.01	ND	ND	0.01	0.02	0.01	0.22	0.05	0.09	ND	0.01	ND	0.00	ND	0.00	0.00	0.36	0.02	0.01	ND	0.00	0.01	ND	ND	0.00	0.00	0.00	ND	ND	ND	ND	ND	ND	ND	ND	0.00	0.12	0.12	0.03	ND	0.03	ND	ND	ND	0.00	ND	0.00	0.00	ND	ND	ND	0.00	0.00	0.00	0.00	ND	ND	0.01	0.04	0.07	0.02	0.05	0.02	0.02	ND	0.01	ND	ND	ND	ND	0.00	ND	0.00	ND	ND	0.00	ND	ND	0.02	0.01	0.01	ND	ND	ND	ND	0.00	ND	ND	ND	ND	0.11	0.08	ND	0.05	0.03	0.01	ND	ND	0.01	0.00	ND	ND	ND	ND	ND	0.15	0.02	ND	0.01	0.02	ND	ND	ND	ND	0.02	ND	ND	ND	0.00	ND	ND	ND	0.36	ND	ND	0.03	0.12	0.08	ND	0.04	0.01	0.01	ND	0.02	ND	ND	ND	0.00	ND	ND	ND	ND	ND	0.13	0.06	0.06	0.04	0.04	0.01	ND	0.01	0.04	0.04	ND	ND	0.02	ND	ND	ND	ND	ND	0.00	0.36	0.17	0.38	0.16	ND	ND	0.22	0.14	0.02	0.01	ND	0.01	0.02	0.05	ND	ND	ND	0.02	0.01	ND	0.02	ND	ND	0.09	0.05	0.15	0.05	0.06	0.06	0.11	0.13	0.09	ND	ND	ND	0.04	0.02	0.01	ND	0.01	ND	ND	ND	0.03	0.03	ND	ND	ND	ND	0.42	0.87	ND	0.65	0.41	ND	0.10	0.04	0.09	0.08	ND	ND	0.05	ND	0.10	ND	0.19	ND	0.05	ND	0.04	0.07	ND	ND	ND	ND	ND	ND	0.00	0.06	0.02	ND	0.24	ND	0.25	0.13	0.07	0.15	ND	0.08	0.02	0.03	ND	ND	ND	0.08	ND	ND	0.16	0.38	0.33	0.08	1.79	0.41	0.35	0.12	0.12	0.11	0.02	0.05	0.30	0.02	0.10	0.23	0.26	0.40	0.40	ND	0.21	ND	ND	ND	0.00	0.03	0.01	ND	0.01	0.02	0.01	0.01	0.01
JWL0191		ND	0.03	ND	ND	ND	ND	ND	0.10	ND	0.01	ND	ND	ND	ND	ND	0.01	0.04	0.05	0.07	0.05	ND	ND	ND	0.01	ND	ND	ND	0.12	ND	ND	0.06	0.03	ND	ND	ND	0.02	ND	0.02	ND	ND	ND	0.01	ND	ND	ND	ND	ND	0.05	0.07	ND	0.02	0.03	ND	ND	ND	0.01	ND	0.01	0.01	0.01	ND	0.03	ND	ND	ND	0.01	ND	ND	ND	0.14	0.07	0.10	ND	ND	0.01	0.04	0.03	ND	0.02	ND	ND	ND	ND	ND	ND	ND	ND	ND	ND	0.02	0.03	0.03	ND	ND	ND	0.01	0.02	ND	ND	0.01	0.02	0.53	0.16	ND	0.55	ND	ND	0.11	ND	0.04	ND	ND	ND	ND	0.55	ND	0.28	0.12	ND	0.03	0.03	ND	ND	0.03	ND	0.03	ND	ND	ND	0.04	ND	ND	ND	0.73	ND	ND	ND	1.37	0.43	ND	0.31	0.27	0.07	ND	0.11	ND	ND	ND	2.55	ND	ND	0.51	ND	ND	0.27	0.14	0.15	0.06	0.06	ND	ND	0.03	ND	0.06	ND	ND	0.09	ND	0.06	ND	0.03	0.08	0.41	0.37	0.22	0.76	1.17	ND	ND	ND	0.32	ND	0.79	ND	ND	ND	4.08	ND	ND	ND	4.77	0.16	ND	ND	ND	ND	0.13	0.07	0.25	0.16	0.09	ND	0.03	0.14	0.05	ND	0.03	0.13	0.07	0.04	ND	ND	0.04	ND	ND	ND	0.44	0.93	ND	0.30	ND	ND	0.34	2.37	ND	1.44	ND	0.61	0.36	0.38	0.35	0.24	4.76	ND	ND	ND	ND	ND	12.59	0.15	0.12	ND	3.83	1.85	ND	ND	ND	ND	0.80	0.15	ND	0.04	ND	ND	0.13	ND	0.11	0.09	0.04	0.05	0.10	0.12	ND	ND	ND	ND	ND	2.12	0.31	0.34	0.62	0.22	0.61	0.99	1.45	0.37	0.48	ND	0.52	0.41	ND	ND	11.28	0.11	ND	ND	5.99	0.08	4.64	0.09	1.24	0.69	ND	ND	ND	0.01	0.01	0.00	0.00	0.01	ND	0.02	0.05
																																																																																																																																																																																																																																																																																																																
Total Analytes	303	1	1	1	1	1	1	1	1	1	1	1	1	1	1	1	1	1	1	1	1	1	1	1	1	1	1	1	1	1	1	1	1	1	1	1	1	1	1	1	1	1	1	1	1	1	1	1	1	1	1	1	1	1	1	1	1	1	1	1	1	1	1	1	1	1	1	1	1	1	1	1	1	1	1	1	1	1	1	1	1	1	1	1	1	1	1	1	1	1	1	1	1	1	1	1	1	1	1	1	1	1	1	1	1	1	1	1	1	1	1	1	1	1	1	1	1	1	1	1	1	1	1	1	1	1	1	1	1	1	1	1	1	1	1	1	1	1	1	1	1	1	1	1	1	1	1	1	1	1	1	1	1	1	1	1	1	1	1	1	1	1	1	1	1	1	1	1	1	1	1	1	1	1	1	1	1	1	1	1	1	1	1	1	1	1	1	1	1	1	1	1	1	1	1	1	1	1	1	1	1	1	1	1	1	1	1	1	1	1	1	1	1	1	1	1	1	1	1	1	1	1	1	1	1	1	1	1	1	1	1	1	1	1	1	1	1	1	1	1	1	1	1	1	1	1	1	1	1	1	1	1	1	1	1	1	1	1	1	1	1	1	1	1	1	1	1	1	1	1	1	1	1	1	1	1	1	1	1	1	1	1	1	1	1	1	1	1	1	1	1	1	1	1	1	1	1	1	1	1	1	1	1	1
Total MS2 Confirmed	287	1	1	1	1	1	1	1	1	1	1	1	1	1	1	1	1	1	1	1	1	1	1	1	1	1	1	1	1	1	1	1	1	1	1	1	1	1	1	1	1	1	0	1	1	1	1	0	1	1	1	1	1	1	1	1	1	1	1	1	1	1	0	1	1	1	0	1	1	0	1	1	1	1	1	1	1	1	1	1	1	1	1	1	1	1	1	1	1	0	1	1	1	1	1	1	1	0	1	1	0	0	1	1	1	1	1	1	1	1	1	1	1	1	0	1	1	1	1	1	1	1	1	1	1	1	1	1	1	1	0	1	0	0	1	1	1	1	1	1	1	1	1	1	1	1	1	1	1	1	1	1	1	1	1	1	1	1	1	1	1	1	1	1	1	1	1	1	1	1	1	1	1	1	1	1	1	1	1	1	1	1	1	1	1	1	1	1	1	1	1	1	1	1	0	1	1	1	1	1	1	1	1	1	1	1	1	1	1	1	1	1	1	1	1	1	1	1	1	1	1	1	0	1	1	1	1	1	1	1	1	1	1	1	1	1	1	1	1	1	1	1	1	1	1	1	1	1	1	1	1	0	1	1	1	1	1	1	1	1	1	1	1	1	1	1	1	1	1	1	1	1	1	1	1	1	1	1	1	1	1	1	1	1	1	1	1	1	1	1	1	1	1	1	1	1	1	1	1	1	1	1	1	1
