	Diacylglycerol Profile (DG)																																																																																																																																																																					
	Data are expressed as normalized intensities and constitute relative abundances per mg tissue (relative to exactly measured internal standards).  																																																																																																																																																																					
	The data can be used for direct comparison of individual metabolites between different samples as well as of different metabolites within the same sample.																																																																																																																																																																					
	ND = not detected																																																																																																																																																																					
																																																																																																																																																																						
																																																																																																																																																																						
		Normalized Intensities  (UNIT = Intensity / mg tissue)																																																																																																																																																																				
Sample ID		DG 20:3_7.76	DG 21:0_11.25	DG 22:1_8.66	DG 23:3_11.25	DG 24:0_13.35 | 12:0_12:0	DG 26:0_16.62 | 12:0_14:0	DG 27:0_17.76	DG 28:0_19.39	DG 28:0_21.08 | 12:0_16:0	DG 28:1_17.39 | 12:0_16:1	DG 29:0_19.94	DG 29:0_20.73	DG 29:1_19.55 | 13:0_16:1	DG 30:1_21.78 | 12:0_18:1	DG 30:1_21.78 | 14:0_16:1	DG 30:1_22.23 | 12:0_18:1	DG 30:1_22.23 | 14:0_16:1	DG 30:2_18.30 | 14:1_16:1	DG 30:2_18.67 | 14:1_16:1	DG 31:1_23.85 | 15:0_16:1	DG 31:1_24.35	DG 32:0_27.01 | 16:0_16:0	DG 32:1_25.57 | 16:0_16:1	DG 32:1_25.57 | 14:0_18:1	DG 32:2_22.50 | 16:1_16:1	DG 32:2_22.92 | 16:1_16:1	DG 32:3_19.55 | 16:1_16:2	DG 33:0_24.64	DG 33:0_24.94	DG 33:1_26.41 | 15:0_18:1	DG 33:1_26.41 | 16:0_17:1	DG 33:2_24.53 | 16:1_17:1	DG 33:2_24.87 | 16:1_17:1	DG 34:0_27.96 | 16:0_18:0	DG 34:1_26.55	DG 34:1_27.12 | 16:0_18:1	DG 34:2_25.91 | 16:1_18:1	DG 34:2_25.91 | 16:0_18:2	DG 34:3_23.57 | 16:1_18:2	DG 34:3_24.05 | 16:1_18:2	DG 34:3_24.35 | 16:0_18:3	DG 34:3_25.10 | 16:2_18:1	DG 34:4_22.37 | 16:0_18:4	DG 34:4_22.37 | 14:0_20:4	DG 34:5_19.75 | 14:0_20:5	DG 35:0_27.50	DG 35:1_25.73	DG 35:1_27.60 | 17:0_18:1	DG 35:2_26.71 | 17:1_18:1	DG 35:5_21.92 | 15:0_20:5	DG 36:0_28.57 | 18:0_18:0	DG 36:1_27.58 | 16:1_20:0	DG 36:1_28.00 | 18:0_18:1	DG 36:2_27.26 | 18:1_18:1	DG 36:3_26.32 | 18:1_18:2	DG 36:4_24.57 | 18:2_18:2	DG 36:4_24.87 | 18:1_18:3	DG 36:4_25.32 | 18:1_18:3	DG 36:4_25.32 | 16:0_20:4	DG 36:4_25.85 | 16:0_20:4	DG 36:5_24.05 | 16:0_20:5	DG 36:6_20.48 | 16:1_20:5	DG 36:6_20.80 | 16:1_20:5	DG 36:6_21.60 | 14:0_22:6	DG 36:6_25.92	DG 37:1_28.28 | 18:1_19:0	DG 37:2_27.69 | 18:1_19:1	DG 37:5_25.23 | 17:0_20:5	DG 37:5_25.62 | 17:0_20:5	DG 37:6_22.53 | 17:1_20:5	DG 37:6_22.89 | 17:1_20:5	DG 37:6_23.17 | 15:0_22:6	DG 37:6_23.67 | 15:0_22:6	DG 38:1_28.58 | 16:0_22:1	DG 38:1_28.58 | 18:1_20:0	DG 38:2_28.03 | 18:1_20:1	DG 38:3_27.44 | 18:1_20:2	DG 38:3_27.44 | 18:2_20:1	DG 38:4_26.69 | 18:1_20:3	DG 38:4_26.96 | 18:1_20:3	DG 38:4_27.28 | 18:0_20:4	DG 38:5_26.07 | 18:1_20:4	DG 38:5_26.53 | 18:0_20:5	DG 38:5_26.53 | 16:0_22:5	DG 38:6_24.58 | 18:1_20:5	DG 38:6_25.39 | 16:0_22:6	DG 38:7_21.58 | 18:2_20:5	DG 38:7_22.32 | 16:1_22:6	DG 38:7_23.33 | 16:1_22:6	DG 38:8_19.32 | 16:2_22:6	DG 38:9_16.46 | 18:4_20:5	DG 39:2_28.35 | 18:1_21:1	DG 39:2_28.35 | 17:1_22:1	DG 39:2_28.35 | 19:1_20:1	DG 39:4_27.28	DG 39:4_27.67 | 19:0_20:4	DG 39:6_26.32 | 17:0_22:6	DG 39:7_24.42 | 17:1_22:6	DG 39:7_25.17 | 17:1_22:6	DG 40:0_29.73 | 16:0_24:0	DG 40:2_28.60 | 18:1_22:1	DG 40:2_28.60 | 20:1_20:1	DG 40:3_28.14 | 18:1_22:2	DG 40:3_28.14 | 18:2_22:1	DG 40:5_27.28 | 20:1_20:4	DG 40:5_27.62 | 18:0_22:5	DG 40:6_26.25 | 18:1_22:5	DG 40:6_26.66 | 20:1_20:5	DG 40:6_26.66 | 18:1_22:5	DG 40:6_27.01 | 18:0_22:6	DG 40:7_25.69 | 18:1_22:6	DG 40:8_23.32 | 18:2_22:6	DG 40:9_20.64 | 18:3_22:6	DG 40:9_20.94 | 20:4_20:5	DG 40:10_18.23 | 20:5_20:5	DG 41:0_29.98 | 16:0_25:0	DG 41:1_28.01	DG 41:2_28.87 | 18:1_23:1	DG 41:3_28.41 | 18:1_23:2	DG 41:6_27.46 | 19:0_22:6	DG 41:7_26.51 | 19:1_22:6	DG 42:2_29.12 | 18:1_24:1	DG 42:2_29.12 | 20:1_22:1	DG 42:3_28.67 | 18:1_24:2	DG 42:3_28.67 | 20:1_22:2	DG 42:3_28.67 | 18:2_24:1	DG 42:5_28.08 | 20:4_22:1	DG 42:6_27.26 | 20:0_22:6	DG 42:6_27.26 | 20:1_22:5	DG 42:6_27.62 | 20:5_22:1	DG 42:6_27.62 | 20:1_22:5	DG 42:6_27.87 | 20:0_22:6	DG 42:7_27.08 | 20:1_22:6	DG 42:8_26.07 | 20:2_22:6	DG 42:9_24.44 | 20:3_22:6	DG 42:10_21.92 | 20:4_22:6	DG 42:10_22.73 | 20:4_22:6	DG 42:11_20.10 | 20:5_22:6	DG 43:2_29.39	DG 43:3_28.89	DG 43:6_28.01 | 20:5_23:1	DG 43:7_27.53 | 21:1_22:6	DG 43:8_28.30	DG 44:1_30.60	DG 44:2_29.64	DG 44:3_29.14	DG 44:4_28.75 | 22:2_22:2	DG 44:5_28.66 | 20:4_24:1	DG 44:6_28.26 | 20:5_24:1	DG 44:7_27.87 | 22:1_22:6	DG 44:8_27.26 | 22:2_22:6	DG 44:9_26.48 | 22:3_22:6	DG 44:12_21.92 | 22:6_22:6	DG 45:1_29.83	DG 45:3_29.41	DG 45:7_28.17 | 22:6_23:1	DG 45:8_27.67 | 22:6_23:2	DG 45:9_25.51	DG 46:2_30.14 | 22:1_24:1	DG 46:2_30.71	DG 46:3_29.67	DG 46:3_30.14	DG 46:4_27.69	DG 46:5_28.87	DG 46:7_28.42 | 22:6_24:1
JWL0157		0.02	0.02	ND	ND	ND	ND	ND	ND	ND	ND	0.04	0.01	ND	ND	ND	ND	ND	ND	ND	ND	ND	0.07	0.01	ND	0.02	ND	ND	ND	0.01	ND	ND	ND	ND	0.10	ND	0.08	0.08	0.02	ND	ND	0.01	ND	0.09	ND	0.37	ND	ND	0.00	0.01	ND	0.18	ND	0.04	0.27	0.17	0.01	0.10	ND	ND	0.10	1.00	0.40	ND	0.17	ND	ND	ND	ND	0.01	0.06	ND	0.02	0.03	ND	ND	0.06	0.03	0.01	0.03	ND	0.06	0.24	0.40	ND	2.13	1.43	0.22	0.62	ND	0.05	ND	ND	ND	ND	ND	ND	0.53	0.12	0.03	0.01	0.01	0.02	ND	ND	0.12	0.05	ND	0.97	ND	2.61	9.76	0.99	0.36	ND	0.69	0.00	ND	ND	ND	ND	0.34	ND	0.02	ND	ND	ND	ND	0.21	0.12	0.10	0.09	0.06	3.79	0.42	0.09	ND	0.09	1.31	ND	ND	ND	0.09	ND	ND	ND	ND	ND	ND	ND	0.78	ND	ND	ND	ND	ND	0.04	ND	0.04	ND	ND	ND	ND	ND	ND	0.31
JWL0159		ND	ND	ND	ND	ND	ND	ND	ND	ND	ND	0.18	0.03	ND	ND	ND	ND	ND	ND	ND	ND	ND	0.09	0.03	0.02	ND	ND	ND	ND	ND	ND	ND	ND	ND	0.26	ND	0.32	0.49	0.25	0.21	ND	0.09	ND	0.46	ND	1.41	ND	ND	0.03	0.08	ND	0.41	0.23	0.10	1.25	0.80	0.11	0.61	ND	0.10	0.63	6.95	2.18	ND	0.44	ND	ND	0.05	0.55	0.17	0.19	ND	0.09	0.15	ND	ND	0.56	0.29	ND	ND	ND	0.68	1.89	3.58	ND	15.01	10.36	0.77	2.45	0.18	0.28	1.19	0.02	ND	0.01	0.05	ND	1.80	0.59	0.15	ND	0.12	0.15	0.05	ND	0.67	0.21	0.47	2.64	0.02	10.54	35.51	4.16	0.98	0.14	2.52	ND	ND	0.01	ND	0.43	0.97	ND	0.16	ND	0.05	ND	ND	8.28	ND	0.85	ND	ND	11.90	1.22	0.41	ND	ND	ND	ND	ND	0.10	0.29	ND	ND	ND	0.06	ND	ND	ND	3.50	0.18	0.04	ND	0.02	ND	0.25	ND	0.04	ND	ND	ND	ND	ND	ND	2.14
JWL0166		0.01	0.02	ND	ND	ND	ND	ND	0.31	ND	0.03	ND	ND	0.01	ND	1.98	ND	ND	0.04	ND	0.10	ND	0.37	2.93	0.18	1.75	ND	0.11	ND	ND	0.04	ND	ND	0.02	0.11	ND	1.89	0.64	0.96	0.24	ND	0.91	ND	2.61	ND	2.90	ND	ND	0.03	0.05	ND	0.10	0.17	0.33	0.70	0.31	ND	0.28	ND	0.10	0.25	3.64	1.43	ND	3.40	ND	ND	ND	ND	0.09	0.02	ND	0.15	0.17	0.14	ND	ND	0.03	0.04	ND	ND	ND	ND	0.54	0.52	1.56	8.95	ND	2.61	ND	0.05	0.74	ND	ND	ND	ND	0.01	0.91	0.17	0.05	ND	ND	ND	ND	0.10	ND	ND	ND	0.23	0.08	4.53	4.35	0.51	0.29	ND	0.74	ND	ND	ND	0.01	0.26	0.11	0.18	ND	ND	ND	ND	ND	0.62	ND	0.76	ND	0.44	2.06	0.25	0.08	ND	ND	ND	ND	ND	ND	0.06	ND	ND	ND	ND	ND	ND	1.21	1.27	ND	ND	ND	ND	ND	ND	0.01	0.01	ND	ND	ND	ND	ND	ND	0.78
JWL0167		ND	0.05	ND	ND	0.07	ND	ND	1.76	ND	ND	ND	ND	ND	ND	ND	0.00	0.01	ND	ND	ND	0.01	0.30	0.04	0.03	ND	ND	ND	0.02	0.02	0.04	ND	ND	ND	0.46	ND	0.30	0.02	0.12	ND	ND	ND	ND	0.03	0.02	ND	ND	0.00	0.02	0.01	ND	1.25	ND	0.12	0.27	0.16	0.09	ND	ND	ND	0.07	0.93	0.05	ND	0.63	ND	ND	ND	ND	0.15	ND	ND	0.12	0.22	0.02	0.01	0.04	ND	ND	ND	ND	0.09	ND	0.61	0.80	0.56	6.74	ND	0.72	0.20	ND	0.03	ND	ND	ND	ND	ND	4.90	0.69	0.20	ND	0.03	ND	ND	ND	ND	1.01	ND	ND	0.30	ND	7.27	0.95	0.25	ND	0.25	ND	ND	ND	ND	1.51	0.81	0.02	ND	ND	ND	ND	ND	ND	ND	ND	0.39	1.54	5.29	0.89	ND	0.02	0.15	1.28	ND	ND	ND	0.20	ND	ND	ND	ND	ND	ND	ND	1.40	0.10	ND	1.76	ND	ND	0.06	ND	ND	ND	ND	ND	ND	ND	0.04	0.45
JWL0168		0.02	0.03	ND	0.01	ND	ND	ND	0.20	ND	ND	ND	0.03	ND	ND	0.19	ND	0.03	0.01	ND	0.01	0.00	0.04	0.39	0.12	0.54	ND	ND	0.02	ND	0.01	0.05	ND	0.13	ND	ND	0.52	1.86	ND	ND	ND	ND	ND	ND	ND	ND	13.11	0.01	ND	0.16	ND	0.15	0.02	0.12	2.05	0.13	ND	0.04	ND	ND	0.05	0.25	0.07	ND	0.13	ND	ND	0.07	ND	ND	ND	0.00	0.03	0.02	0.04	0.04	1.08	0.08	ND	0.02	ND	0.02	0.18	0.04	0.06	ND	2.75	ND	0.37	0.06	ND	ND	0.10	0.06	ND	ND	ND	0.31	0.10	ND	ND	1.16	ND	0.17	ND	ND	ND	0.07	ND	ND	ND	11.77	ND	ND	ND	0.02	ND	ND	0.12	0.03	0.06	0.35	0.30	0.38	0.03	0.02	0.02	0.19	0.06	0.04	0.12	0.08	0.01	4.75	0.33	0.12	0.02	0.04	0.20	0.02	ND	ND	ND	ND	ND	0.14	0.04	ND	0.02	ND	1.31	0.04	ND	0.66	ND	0.01	ND	ND	0.02	0.05	0.01	0.02	ND	0.00	ND	0.25
JWL0169		ND	0.17	ND	0.05	ND	ND	ND	0.25	ND	ND	ND	ND	0.23	ND	5.00	ND	1.35	0.45	0.33	2.73	0.82	1.19	43.56	3.14	41.36	8.88	0.18	0.13	ND	12.34	4.13	3.35	4.89	1.42	ND	90.78	270.64	ND	2.21	2.70	1.71	1.18	1.71	1.12	6.31	ND	ND	ND	33.98	1.55	2.79	ND	33.91	433.96	27.41	ND	3.35	1.03	0.90	5.93	25.24	9.88	3.12	10.06	1.33	4.87	24.72	6.74	1.29	1.14	1.02	3.85	4.65	2.84	1.48	103.92	23.36	ND	2.95	3.53	1.56	22.41	3.65	2.21	37.66	51.81	ND	27.19	3.32	ND	ND	9.06	6.15	ND	ND	ND	15.54	7.51	ND	ND	82.32	ND	17.81	ND	20.42	ND	9.05	20.02	ND	14.22	133.54	2.34	0.51	1.04	2.52	ND	ND	6.72	4.42	5.37	6.21	32.38	ND	3.35	3.76	2.49	6.48	ND	8.39	14.70	ND	0.92	49.92	4.30	0.59	0.45	1.37	7.34	ND	ND	2.72	2.75	0.13	1.24	ND	4.57	3.14	3.66	7.47	22.64	3.20	ND	16.83	0.32	0.82	2.52	0.16	0.27	1.37	ND	1.05	3.20	0.40	0.90	17.38
JWL0170		ND	ND	ND	ND	ND	ND	ND	0.24	ND	ND	ND	ND	ND	ND	0.13	ND	ND	0.02	ND	0.09	ND	0.11	1.00	0.41	0.73	0.08	ND	ND	ND	0.29	0.12	0.07	0.25	0.37	ND	4.02	3.71	ND	0.05	0.03	0.03	ND	0.05	ND	0.08	ND	ND	0.32	1.17	ND	1.35	0.21	1.65	13.78	0.57	ND	0.10	ND	ND	0.12	0.44	0.17	ND	0.15	ND	0.15	0.84	ND	ND	ND	ND	ND	ND	0.44	ND	6.51	0.44	ND	0.07	0.01	0.03	ND	ND	ND	1.06	2.00	ND	0.71	ND	ND	ND	0.37	0.49	ND	0.02	0.01	0.13	0.27	ND	ND	7.12	ND	0.30	0.25	ND	ND	0.14	0.34	0.21	ND	4.48	0.07	ND	ND	ND	ND	0.01	0.72	ND	ND	0.08	3.73	ND	0.49	ND	ND	0.38	ND	ND	0.69	ND	ND	3.30	ND	ND	ND	0.03	ND	ND	ND	ND	0.02	ND	0.14	ND	0.43	0.03	ND	0.30	1.48	ND	ND	0.57	0.02	ND	0.02	ND	ND	0.58	0.71	0.14	ND	0.01	0.05	0.56
JWL0171		ND	ND	ND	ND	0.10	0.04	0.01	0.20	0.03	ND	ND	0.01	ND	0.01	0.02	ND	0.04	ND	ND	0.01	0.03	0.43	0.22	0.11	0.12	ND	ND	ND	ND	0.10	0.03	ND	ND	0.59	ND	1.18	0.77	0.07	ND	ND	ND	ND	ND	ND	ND	ND	ND	0.12	0.13	ND	1.22	ND	0.38	2.57	0.25	0.06	0.03	ND	ND	0.01	ND	ND	ND	0.04	ND	0.01	0.11	ND	ND	ND	ND	ND	ND	0.12	0.07	0.73	ND	ND	0.01	ND	0.01	ND	0.02	0.02	0.20	0.23	ND	0.06	ND	ND	ND	0.06	0.08	ND	0.00	ND	0.03	0.01	ND	0.13	1.02	ND	ND	ND	ND	0.02	ND	0.03	0.04	ND	0.84	ND	ND	ND	ND	0.09	ND	0.09	ND	0.00	0.01	0.69	ND	0.05	ND	0.03	ND	ND	ND	0.05	0.04	ND	0.45	ND	ND	ND	ND	ND	ND	ND	ND	ND	0.00	0.05	ND	0.07	0.01	0.02	0.05	0.09	ND	ND	ND	0.03	ND	ND	ND	ND	0.16	0.05	ND	0.01	ND	ND	ND
JWL0172		0.04	0.08	ND	0.03	ND	ND	0.01	0.20	ND	ND	ND	ND	ND	ND	0.51	ND	0.06	0.05	0.02	0.18	0.01	0.22	3.05	2.59	4.82	0.60	0.01	0.07	ND	0.77	0.25	0.29	0.38	0.25	ND	12.51	25.17	ND	0.24	0.11	0.12	ND	0.15	ND	0.40	6.01	ND	1.16	3.63	ND	0.46	ND	5.26	56.47	2.02	0.05	0.42	0.12	ND	0.26	0.81	1.20	0.20	ND	ND	0.47	1.98	0.26	0.05	ND	0.16	ND	0.06	ND	0.89	18.71	1.14	0.32	ND	ND	ND	1.32	0.73	ND	5.09	3.72	ND	1.94	0.13	ND	ND	1.40	0.94	ND	0.05	ND	0.52	0.51	ND	ND	16.28	ND	1.25	ND	0.93	ND	1.12	2.34	ND	ND	12.58	0.23	0.03	ND	0.49	ND	ND	2.09	0.49	0.46	0.40	9.08	ND	0.79	0.42	ND	0.46	1.13	ND	1.67	ND	ND	3.98	ND	ND	ND	0.09	ND	ND	ND	0.12	ND	ND	0.13	ND	0.77	0.16	0.20	0.90	1.88	ND	ND	ND	0.05	0.13	0.10	ND	0.03	0.34	0.54	0.20	0.20	0.03	0.13	1.65
JWL0173		0.03	0.05	ND	0.02	ND	ND	0.06	0.29	ND	ND	ND	ND	ND	ND	0.52	ND	0.03	0.01	ND	0.03	ND	0.04	1.80	0.11	0.86	0.11	0.09	0.03	ND	0.11	0.05	ND	0.07	0.06	ND	2.02	1.64	ND	0.07	0.02	ND	0.03	0.22	ND	1.43	ND	ND	0.13	0.40	ND	0.11	ND	1.60	5.49	0.53	ND	ND	0.03	0.03	0.25	3.43	1.37	ND	ND	ND	ND	0.19	0.15	ND	ND	0.13	ND	ND	ND	0.17	2.64	0.29	ND	0.08	ND	0.08	0.38	1.24	ND	3.40	1.44	0.18	0.33	0.05	ND	0.52	0.12	0.09	ND	ND	ND	0.17	0.18	ND	ND	2.26	0.13	0.16	0.13	0.12	0.05	0.11	0.75	ND	1.36	3.59	0.08	ND	0.12	1.93	ND	ND	0.25	0.05	0.07	0.06	3.31	ND	0.12	ND	0.19	0.08	0.16	ND	0.78	ND	0.04	1.46	ND	ND	ND	0.03	0.75	0.06	0.02	0.08	ND	ND	ND	ND	0.15	ND	0.13	1.15	0.57	ND	ND	0.22	ND	ND	0.05	ND	ND	ND	ND	0.02	ND	0.01	0.05	1.06
JWL0174		ND	ND	ND	0.04	ND	ND	ND	ND	0.01	ND	ND	ND	ND	0.41	0.25	ND	ND	0.07	ND	0.08	ND	0.10	1.39	2.10	2.19	ND	0.01	ND	0.01	0.50	0.20	0.20	0.14	0.05	ND	13.92	13.93	ND	0.20	0.03	0.04	0.22	0.18	ND	ND	ND	ND	0.84	2.05	0.06	0.08	ND	3.34	50.97	1.55	ND	0.38	0.19	ND	0.49	1.27	1.35	0.15	0.80	ND	ND	0.74	0.13	0.03	0.10	0.09	0.06	0.20	0.24	ND	3.30	ND	ND	0.06	0.33	0.16	2.28	0.28	0.18	6.06	4.74	ND	4.79	ND	ND	ND	0.22	ND	ND	ND	0.01	0.77	0.96	ND	ND	0.76	0.54	0.15	ND	ND	ND	0.80	ND	1.61	ND	24.63	0.27	0.11	0.15	1.00	ND	ND	0.10	ND	ND	0.38	0.46	ND	ND	ND	ND	0.17	0.67	ND	0.35	ND	0.05	4.32	0.28	0.04	ND	0.71	2.75	ND	ND	ND	0.07	ND	ND	ND	0.02	ND	ND	ND	1.17	0.07	0.01	5.07	ND	ND	ND	ND	ND	ND	ND	ND	ND	ND	ND	0.21
JWL0175		ND	ND	ND	ND	ND	ND	ND	ND	ND	ND	ND	ND	ND	ND	ND	ND	ND	ND	ND	ND	ND	0.03	0.01	0.14	0.01	ND	ND	ND	0.01	0.02	0.02	ND	ND	0.02	ND	1.50	0.37	0.01	0.00	ND	0.00	0.01	ND	ND	0.04	4.44	ND	0.07	0.14	ND	0.08	ND	0.29	2.93	0.13	ND	0.02	ND	ND	0.09	0.49	0.04	ND	0.07	0.10	ND	0.06	ND	ND	0.01	ND	ND	0.02	0.03	ND	0.44	ND	ND	ND	ND	0.03	0.23	0.13	ND	1.17	1.14	ND	0.20	ND	ND	ND	0.00	0.01	0.01	ND	ND	0.08	0.06	ND	ND	0.12	0.12	0.01	0.01	ND	ND	0.03	0.12	0.22	ND	4.23	0.05	ND	ND	0.06	ND	ND	ND	ND	ND	0.12	0.08	ND	ND	ND	ND	0.08	1.09	ND	0.17	ND	ND	2.41	0.16	ND	ND	0.09	0.23	ND	ND	ND	ND	ND	0.22	ND	ND	ND	ND	ND	0.93	ND	ND	0.28	0.01	ND	ND	ND	0.01	ND	0.39	ND	0.07	ND	ND	ND
JWL0176		0.11	0.11	0.36	0.03	0.05	0.11	ND	0.21	0.44	1.40	ND	0.02	0.05	7.02	0.12	ND	ND	ND	0.02	0.24	ND	0.13	1.84	3.44	1.51	0.24	ND	ND	ND	0.81	ND	0.45	ND	0.08	2.16	20.13	25.47	ND	0.21	0.11	0.10	0.29	0.13	0.19	1.26	ND	ND	0.78	2.45	0.22	0.17	ND	5.63	65.26	1.59	ND	0.35	0.39	ND	1.07	ND	1.76	ND	3.09	0.17	0.27	1.17	ND	0.18	0.12	ND	0.28	0.82	ND	ND	4.88	0.78	ND	ND	0.75	ND	3.81	ND	ND	9.95	12.29	ND	7.09	ND	0.02	ND	0.41	ND	0.25	0.10	0.02	2.52	1.37	ND	ND	1.24	2.26	0.77	ND	0.99	ND	0.89	3.82	ND	ND	47.12	1.22	0.11	0.25	0.63	ND	ND	0.31	0.13	ND	1.64	1.32	0.79	0.11	0.10	ND	0.86	ND	0.58	ND	ND	0.19	20.27	3.85	0.81	0.20	1.06	3.90	0.11	0.04	ND	0.47	0.06	0.13	0.46	0.14	ND	0.44	ND	11.37	0.25	0.08	6.60	ND	ND	0.60	ND	ND	ND	ND	ND	ND	ND	0.04	4.22
JWL0177		0.21	0.08	0.94	0.03	0.04	0.06	0.02	0.23	0.13	0.67	0.02	0.02	0.06	2.70	1.41	0.23	0.16	0.19	0.03	0.10	ND	0.27	1.56	1.84	1.17	0.24	0.04	ND	ND	0.23	ND	0.12	0.09	0.13	1.57	9.11	11.34	ND	0.12	0.08	0.11	0.11	ND	0.24	1.40	ND	0.02	0.40	1.26	0.12	0.38	ND	3.48	44.88	1.51	0.19	0.20	0.11	0.09	0.57	3.26	1.20	0.11	3.18	ND	0.12	0.85	ND	0.15	0.09	ND	0.19	0.42	ND	0.38	3.27	1.16	ND	0.17	0.22	0.34	3.56	0.87	ND	7.07	8.89	ND	3.45	ND	0.06	ND	0.27	ND	0.14	0.08	ND	2.85	0.15	0.03	0.03	1.64	1.08	0.27	ND	1.32	0.11	ND	1.29	ND	14.81	47.78	0.95	0.10	0.31	1.30	ND	0.12	0.11	ND	1.37	2.53	ND	1.63	0.11	ND	0.07	2.04	ND	0.73	1.95	ND	0.43	28.93	6.54	2.02	0.30	1.17	4.35	0.08	0.03	0.17	0.64	ND	0.01	0.34	0.14	ND	0.81	1.35	15.07	0.63	0.13	6.95	ND	ND	0.96	0.04	ND	ND	ND	ND	0.04	ND	ND	7.94
JWL0178		0.28	0.08	2.18	0.03	0.09	0.11	0.01	0.39	0.20	1.49	0.03	0.04	0.03	3.84	ND	0.39	ND	ND	0.13	0.27	0.02	0.11	1.63	1.69	1.05	0.18	ND	ND	ND	0.44	ND	0.68	ND	0.13	4.96	14.29	19.42	ND	0.32	0.14	0.10	0.17	0.11	0.06	0.58	6.53	ND	0.27	2.60	0.12	0.55	ND	ND	65.37	2.44	0.13	0.33	0.26	ND	0.73	2.76	2.07	0.13	3.32	ND	0.29	1.85	ND	0.19	0.22	0.04	0.27	0.52	0.44	0.37	6.98	2.21	ND	0.62	ND	ND	3.23	0.71	ND	10.30	11.96	ND	8.62	ND	ND	0.20	0.97	ND	ND	0.12	0.03	4.23	2.08	ND	ND	5.86	ND	1.19	ND	2.18	ND	0.61	1.57	1.02	10.36	75.28	1.42	0.18	ND	1.04	ND	ND	0.37	0.24	1.68	3.10	ND	3.88	0.31	ND	0.27	0.87	ND	0.86	3.24	ND	0.46	38.72	7.71	1.94	0.28	0.87	3.93	0.17	0.08	0.42	0.83	ND	ND	0.64	0.25	0.06	0.67	3.65	21.57	0.89	0.09	10.27	ND	ND	1.53	0.07	0.09	ND	ND	ND	ND	ND	0.23	11.60
JWL0179		0.02	ND	ND	0.00	ND	ND	ND	0.02	0.01	ND	ND	0.00	ND	0.08	ND	0.02	ND	ND	ND	ND	ND	0.11	0.12	0.11	0.06	0.00	ND	ND	0.01	0.03	ND	ND	ND	0.58	0.51	0.97	0.67	0.07	ND	0.00	ND	0.01	ND	ND	ND	ND	0.01	ND	0.06	ND	2.25	0.23	0.21	1.86	0.13	ND	0.01	ND	ND	0.04	0.18	ND	ND	0.40	0.08	0.01	0.05	ND	ND	ND	ND	0.02	0.07	ND	ND	0.29	0.02	0.01	ND	ND	ND	0.26	ND	ND	0.66	1.95	ND	0.16	ND	ND	ND	0.02	ND	0.01	ND	ND	1.02	0.15	ND	0.03	0.09	0.11	0.02	ND	ND	0.03	ND	0.28	ND	3.69	13.88	0.17	0.00	ND	ND	0.01	0.01	0.02	0.00	0.13	0.45	0.07	0.05	0.01	0.01	ND	ND	ND	0.05	0.24	ND	0.16	7.81	1.34	0.17	ND	0.06	0.23	0.01	0.00	ND	0.19	0.03	ND	0.04	0.01	0.00	ND	ND	5.28	0.06	ND	0.48	ND	0.01	0.19	ND	ND	0.01	0.03	0.01	0.01	ND	0.01	2.17
JWL0180		0.02	0.02	ND	0.01	ND	ND	ND	0.04	ND	ND	0.00	0.01	ND	0.05	0.03	ND	ND	ND	ND	ND	ND	0.05	0.08	0.09	0.06	ND	ND	ND	ND	0.01	ND	ND	ND	0.26	3.60	0.60	0.48	0.14	0.00	0.00	0.01	ND	ND	0.11	0.56	1.68	0.00	ND	0.05	0.03	0.77	ND	0.19	1.91	0.26	0.19	0.04	ND	ND	0.16	0.67	0.11	ND	1.02	ND	ND	0.03	ND	0.07	0.02	ND	0.01	0.09	ND	0.03	0.16	0.03	ND	ND	ND	0.05	0.83	ND	ND	3.06	2.79	0.08	0.22	ND	ND	ND	ND	ND	ND	ND	ND	1.24	0.11	ND	0.03	0.06	0.05	ND	ND	ND	0.13	ND	ND	ND	ND	13.59	0.19	ND	0.09	0.27	ND	ND	ND	ND	0.22	0.41	0.04	0.03	ND	ND	ND	0.08	ND	0.06	ND	0.25	0.42	9.74	1.87	0.40	0.04	0.27	0.91	0.00	ND	ND	0.17	0.10	ND	ND	0.01	ND	ND	ND	6.72	0.12	ND	1.11	ND	ND	0.28	0.01	0.01	ND	ND	ND	ND	ND	0.02	3.91
JWL0181		0.01	0.02	ND	0.01	ND	0.00	ND	0.01	ND	ND	ND	ND	ND	0.03	ND	0.02	ND	ND	ND	ND	ND	0.19	0.06	0.05	0.01	0.00	ND	ND	ND	0.01	ND	ND	ND	0.79	0.28	0.48	0.21	0.10	ND	ND	0.00	ND	ND	ND	ND	0.28	0.01	ND	0.02	ND	2.85	0.09	0.12	0.87	0.13	ND	ND	0.00	ND	ND	0.01	ND	ND	0.16	0.05	ND	0.01	ND	0.01	ND	ND	ND	ND	ND	ND	0.09	0.01	0.01	ND	ND	ND	0.07	0.03	ND	0.14	0.42	ND	0.02	ND	ND	ND	0.01	0.00	ND	ND	ND	0.25	ND	ND	ND	0.02	0.03	0.00	0.00	ND	0.00	ND	ND	ND	1.22	3.39	ND	ND	ND	ND	0.01	0.01	ND	ND	ND	0.11	0.02	0.01	ND	ND	ND	ND	ND	0.01	0.04	ND	0.06	1.95	0.25	ND	ND	ND	0.05	0.00	ND	ND	0.05	ND	ND	0.01	0.00	0.00	ND	ND	1.44	ND	ND	0.23	0.00	0.01	0.04	ND	ND	0.01	0.01	0.00	ND	ND	ND	0.51
JWL0185		ND	0.05	0.53	0.02	ND	ND	ND	0.20	0.16	0.25	0.02	0.05	0.08	1.63	0.57	ND	ND	0.05	0.03	0.35	ND	0.31	7.33	0.55	3.65	ND	ND	0.07	0.03	1.11	ND	0.26	ND	0.37	11.39	32.12	26.47	ND	0.19	0.09	0.07	0.42	0.20	0.11	0.82	4.13	ND	0.13	1.12	0.10	1.10	ND	2.74	35.36	1.10	ND	0.16	0.06	0.08	0.70	0.43	0.97	ND	4.21	0.31	0.15	0.67	ND	0.15	ND	ND	0.11	0.75	ND	ND	5.89	0.45	ND	0.09	ND	0.10	2.28	0.29	0.19	7.88	16.06	ND	4.59	ND	ND	ND	0.34	ND	ND	ND	ND	5.34	0.89	0.06	0.03	0.88	0.68	0.12	0.06	0.26	0.13	ND	1.34	ND	17.63	58.64	0.95	0.09	0.08	ND	ND	ND	0.12	0.05	0.86	1.78	0.34	0.28	0.04	0.04	ND	ND	ND	0.14	1.26	ND	1.08	36.97	4.74	0.96	0.13	0.71	2.59	0.06	ND	ND	0.85	0.18	ND	0.35	0.04	ND	ND	ND	26.30	0.42	0.04	4.48	ND	ND	1.45	0.05	ND	ND	ND	ND	0.26	ND	0.05	12.46
JWL0188		ND	0.28	2.75	0.12	0.07	0.16	ND	0.45	0.20	1.81	ND	0.09	0.04	5.57	ND	ND	ND	ND	ND	0.17	ND	0.27	0.26	3.57	1.22	0.14	ND	ND	ND	0.55	ND	0.22	ND	0.35	ND	17.35	27.69	ND	0.24	0.08	0.09	0.30	0.22	ND	0.35	3.88	ND	0.52	2.20	ND	0.61	ND	5.76	81.07	1.40	ND	0.39	0.12	ND	0.64	2.17	1.63	ND	1.77	ND	0.30	1.24	ND	ND	ND	ND	ND	0.61	0.23	0.24	4.83	0.80	ND	0.13	0.26	0.19	3.11	ND	ND	8.41	11.08	ND	7.02	ND	0.02	ND	0.82	ND	ND	ND	ND	2.51	1.17	ND	ND	2.52	2.13	0.72	ND	0.56	ND	0.50	2.06	1.14	7.72	50.59	1.15	0.13	ND	0.35	ND	ND	0.53	ND	0.50	1.50	1.62	1.38	0.28	ND	ND	0.67	ND	0.34	2.92	ND	0.34	21.43	3.47	0.65	ND	0.90	5.84	0.17	0.05	ND	0.65	0.04	0.15	1.20	0.20	0.06	0.49	2.87	15.60	0.38	ND	7.80	ND	ND	0.92	ND	0.09	ND	ND	0.06	0.03	0.02	0.12	5.26
JWL0189		0.03	ND	0.20	0.01	0.13	ND	ND	0.36	0.06	ND	ND	ND	ND	0.06	ND	0.14	ND	ND	ND	ND	ND	0.73	0.08	ND	ND	ND	ND	ND	ND	ND	ND	ND	ND	0.85	ND	0.19	ND	ND	ND	ND	ND	ND	ND	ND	ND	ND	0.01	0.01	ND	ND	1.65	ND	0.07	0.43	0.10	0.03	ND	ND	ND	0.03	ND	ND	ND	0.30	ND	ND	ND	ND	0.07	ND	ND	ND	0.33	ND	ND	ND	ND	ND	ND	ND	0.09	ND	ND	1.89	ND	7.62	ND	0.13	0.09	ND	ND	ND	ND	ND	ND	ND	4.90	0.22	0.06	0.14	ND	ND	ND	ND	ND	2.08	ND	ND	ND	16.99	4.84	0.36	0.14	ND	ND	0.07	0.01	ND	0.01	1.33	0.21	ND	ND	ND	ND	ND	ND	ND	ND	ND	0.20	1.09	1.56	0.22	ND	ND	ND	0.17	ND	ND	ND	0.06	ND	ND	ND	ND	ND	ND	ND	0.25	ND	ND	ND	ND	ND	ND	ND	ND	ND	ND	ND	ND	ND	ND	0.12
JWL0190		ND	0.02	ND	ND	ND	ND	ND	0.01	ND	ND	0.00	ND	ND	ND	ND	0.01	ND	0.00	ND	ND	ND	0.09	0.06	0.01	0.00	ND	ND	0.00	0.01	0.02	0.02	ND	ND	0.15	ND	0.26	ND	0.04	ND	ND	ND	ND	ND	0.02	0.04	ND	ND	0.02	0.02	0.02	0.19	ND	0.04	0.12	0.06	ND	0.01	ND	ND	0.14	0.39	ND	ND	0.12	ND	ND	0.01	ND	0.02	0.02	ND	ND	0.12	0.01	ND	0.04	0.01	ND	ND	ND	ND	0.34	ND	0.27	0.50	1.18	0.01	0.08	0.02	ND	ND	ND	ND	0.01	ND	0.01	0.42	0.14	ND	0.02	0.02	0.03	ND	ND	0.13	0.12	ND	0.20	0.35	1.43	3.43	0.09	0.01	ND	ND	0.01	0.00	ND	ND	0.22	0.68	0.01	0.03	ND	ND	ND	0.04	ND	ND	ND	0.28	0.09	2.73	0.31	0.02	ND	0.12	ND	ND	0.00	ND	0.11	ND	ND	0.00	0.00	ND	ND	ND	0.35	0.02	ND	0.31	ND	0.00	ND	ND	ND	ND	0.01	ND	ND	ND	0.01	0.07
JWL0191		0.02	0.02	ND	0.01	ND	ND	0.05	0.72	ND	ND	ND	0.18	ND	ND	0.01	0.00	0.00	ND	ND	ND	ND	ND	0.03	0.02	0.04	ND	ND	ND	ND	ND	ND	ND	ND	0.03	ND	0.15	0.05	0.02	ND	ND	0.02	ND	0.16	ND	1.57	ND	ND	ND	ND	ND	0.03	0.01	ND	0.23	0.08	ND	0.03	ND	0.04	0.02	2.03	0.49	0.06	0.61	ND	ND	ND	0.16	ND	0.01	ND	ND	0.01	0.07	ND	0.08	0.08	0.05	ND	ND	ND	ND	0.73	ND	2.73	1.68	0.09	0.32	ND	0.02	0.32	ND	ND	ND	ND	ND	0.54	0.02	ND	ND	0.07	0.11	ND	0.06	ND	ND	ND	1.48	ND	5.42	9.46	0.61	0.42	ND	0.84	ND	ND	ND	ND	0.30	0.08	ND	0.23	ND	ND	ND	ND	0.09	0.16	3.03	ND	ND	4.48	ND	ND	ND	ND	ND	ND	ND	ND	0.06	ND	ND	0.06	ND	ND	ND	ND	5.08	ND	ND	ND	ND	ND	ND	ND	0.02	ND	ND	ND	ND	ND	ND	0.28
																																																																																																																																																																						
Total Analytes	165	1	1	1	1	1	1	1	1	1	1	1	1	1	1	1	1	1	1	1	1	1	1	1	1	1	1	1	1	1	1	1	1	1	1	1	1	1	1	1	1	1	1	1	1	1	1	1	1	1	1	1	1	1	1	1	1	1	1	1	1	1	1	1	1	1	1	1	1	1	1	1	1	1	1	1	1	1	1	1	1	1	1	1	1	1	1	1	1	1	1	1	1	1	1	1	1	1	1	1	1	1	1	1	1	1	1	1	1	1	1	1	1	1	1	1	1	1	1	1	1	1	1	1	1	1	1	1	1	1	1	1	1	1	1	1	1	1	1	1	1	1	1	1	1	1	1	1	1	1	1	1	1	1	1	1	1	1	1	1	1	1	1	1	1	1
Total MS2 Confirmed	134	0	0	0	0	1	1	0	0	1	1	0	0	1	1	1	1	1	1	1	1	0	1	1	1	1	1	1	0	0	1	1	1	1	1	0	1	1	1	1	1	1	1	1	1	1	0	0	1	1	1	1	1	1	1	1	1	1	1	1	1	1	1	1	1	0	1	1	1	1	1	1	1	1	1	1	1	1	1	1	1	1	1	1	1	1	1	1	1	1	1	1	1	1	1	0	1	1	1	1	1	1	1	1	1	1	1	1	1	1	1	1	1	1	1	1	1	0	1	1	1	1	1	1	1	1	1	1	1	1	1	1	1	1	1	1	1	1	1	0	0	1	1	0	0	0	0	1	1	1	1	1	1	1	0	0	1	1	0	1	0	0	0	0	0	1
